Name,Source,Sector,Industry
Check Point Software Technologies Ltd.,WEB,2,15
"Payment Data Systems, Inc.",WEB,1,5
"Teradyne, Inc.",WEB,4,29
"National Vision Holdings, Inc.",WEB,1,2
CPFL Energia S.A.,WEB,8,66
"Timberland Bancorp, Inc.",WEB,9,93
DENTSPLY SIRONA Inc.,WEB,2,15
W.P. Carey Inc.,WEB,2,8
"Acasti Pharma, Inc.",WEB,3,18
Fastenal Company,WEB,4,26
"Westell Technologies, Inc.",WEB,4,29
Fox Factory Holding Corp.,WEB,2,15
Clorox Company (The),WEB,2,17
Invesco Trust  for Investment Grade New York Municipal,WEB,2,6
Aberdeen Income Credit Strategies Fund,WEB,2,7
"Spirit Airlines, Inc.",WEB,1,2
"ShiftPixy, Inc.",WEB,2,15
ESCO Technologies Inc.,WEB,4,29
Microsoft Corporation,WEB,9,95
"ADDvantage Technologies Group, Inc.",WEB,8,51
"Mattel, Inc.",WEB,2,14
Altria Group,WEB,2,15
"P & F Industries, Inc.",WEB,4,24
Ardmore Shipping Corporation,WEB,3,19
"BioDelivery Sciences International, Inc.",WEB,2,7
Hexindai Inc.,WEB,8,87
Cosan Limited,WEB,1,2
"Schnitzer Steel Industries, Inc.",WEB,4,23
"Universal Security Instruments, Inc.",WEB,4,26
"Perficient, Inc.",WEB,2,13
"Magna International, Inc.",WEB,8,83
Capitol Investment Corp. IV,WEB,2,8
"Motus GI Holdings, Inc.",WEB,3,19
"MercadoLibre, Inc.",WEB,8,71
"Mobile Mini, Inc.",WEB,1,5
Dynagas LNG Partners LP,WEB,4,24
"Urban One, Inc. ",WEB,1,2
"WisdomTree Investments, Inc.",WEB,2,15
Novelion Therapeutics Inc. ,WEB,8,72
"Kimball Electronics, Inc.",WEB,2,15
Francesca&#39;s Holdings Corporation,WEB,4,25
"Inspired Entertainment, Inc.",WEB,4,30
Pacific Coast Oil Trust,WEB,8,56
"Monarch Casino & Resort, Inc.",WEB,3,19
Nuveen Select Maturities Municipal Fund,WEB,2,15
"Helius Medical Technologies, Inc.",WEB,3,22
"MetLife, Inc.",WEB,10,97
Two Harbors Investments Corp,WEB,6,41
STERIS plc,WEB,2,11
"First Mid Bancshares, Inc.",WEB,2,14
"Selective Insurance Group, Inc.",WEB,10,96
"Sunesis Pharmaceuticals, Inc.",WEB,3,19
First Bank,WEB,1,2
Unico American Corporation,WEB,10,96
Nielsen N.V.,WEB,2,13
"WageWorks, Inc.",WEB,2,7
"Mesa Laboratories, Inc.",WEB,1,2
NextDecade Corporation,WEB,4,24
"Marchex, Inc.",WEB,2,15
"Aimmune Therapeutics, Inc.",WEB,2,15
"G-III Apparel Group, LTD.",WEB,4,31
"Stanley Black & Decker, Inc.",WEB,2,15
"Nelnet, Inc.",WEB,1,3
Tocagen Inc.,WEB,8,54
"Tile Shop Hldgs, Inc.",WEB,2,15
"Cellcom Israel, Ltd.",WEB,8,84
"Avalara, Inc.",WEB,9,94
"Obalon Therapeutics, Inc.",WEB,2,15
"Perma-Fix Environmental Services, Inc.",WEB,4,28
Ivy High Income Opportunities Fund,WEB,7,47
Array BioPharma Inc.,WEB,3,19
Apollo Senior Floating Rate Fund Inc.,WEB,6,40
"MIDSTATES PETROLEUM COMPANY, INC.",WEB,4,24
Wayfair Inc.,WEB,1,2
"Global Self Storage, Inc.",WEB,2,15
Ceridian HCM Holding Inc.,WEB,2,17
"Genesee & Wyoming, Inc.",WEB,2,15
"Brooks Automation, Inc.",WEB,4,29
"HopFed Bancorp, Inc.",WEB,2,17
"Agilysys, Inc.",WEB,2,13
"Allegiance Bancshares, Inc.",WEB,2,17
"Melrose Bancorp, Inc.",WEB,10,100
Unum Group,WEB,7,46
Extra Space Storage Inc,WEB,8,87
BSQUARE Corporation,WEB,6,40
Synaptics Incorporated,WEB,2,15
"Roku, Inc.",WEB,1,5
Masimo Corporation,WEB,4,30
"Retail Properties of America, Inc.",WEB,2,8
ZAGG Inc,WEB,1,5
Nuveen Minnesota Quality Municipal Income Fund,WEB,2,15
"Unifi, Inc.",WEB,2,15
"Fred&#39;s, Inc.",WEB,1,5
Valvoline Inc.,WEB,4,24
"Genocea Biosciences, Inc.",WEB,2,15
Progenics Pharmaceuticals Inc.,WEB,3,19
Mercury General Corporation,WEB,1,5
FirstEnergy Corp.,WEB,8,58
Stewardship Financial Corp,WEB,6,41
"Gritstone Oncology, Inc.",WEB,10,100
Cenovus Energy Inc,WEB,3,18
Herc Holdings Inc.,WEB,2,8
Allot Ltd.,WEB,2,15
Exelon Corporation,WEB,7,45
Hailiang Education Group Inc.,WEB,2,15
CYREN Ltd.,WEB,2,17
"Walker & Dunlop, Inc.",WEB,6,41
Omeros Corporation,WEB,3,22
Capital Product Partners L.P.,WEB,1,3
Geopark Ltd,WEB,2,7
"Northwest Bancshares, Inc.",WEB,8,58
Aptevo Therapeutics Inc.,WEB,8,60
"Northfield Bancorp, Inc.",WEB,10,98
Mylan N.V.,WEB,2,15
Allegiant Travel Company,WEB,1,3
SVMK Inc.,WEB,1,5
"Simon Property Group, Inc.",WEB,2,15
First Commonwealth Financial Corporation,WEB,2,17
Arthur J. Gallagher & Co.,WEB,2,15
"Exela Technologies, Inc.",WEB,2,12
"CarGurus, Inc.",WEB,1,5
"NCI Building Systems, Inc.",WEB,2,17
"Art&#39;s-Way Manufacturing Co., Inc.",WEB,2,15
Avista Corporation,WEB,8,83
EPR Properties,WEB,8,55
Bruker Corporation,WEB,8,87
Fibrocell Science Inc.,WEB,2,15
"Solaris Oilfield Infrastructure, Inc.",WEB,2,17
"Plug Power, Inc.",WEB,4,24
Huntington Bancshares Incorporated,WEB,10,100
Total S.A.,WEB,4,24
"Heidrick & Struggles International, Inc.",WEB,2,15
"Huntington Ingalls Industries, Inc.",WEB,4,31
"Cedar Fair, L.P.",WEB,1,3
"Rambus, Inc.",WEB,1,1
Halliburton Company,WEB,4,24
"U.S. Xpress Enterprises, Inc.",WEB,2,7
"j2 Global, Inc.",WEB,2,16
"Spirit Realty Capital, Inc.",WEB,8,78
Noble Energy Inc.,WEB,4,24
"Templeton Global Income Fund, Inc.",WEB,6,42
Cardtronics plc,WEB,2,14
BRP Inc.,WEB,2,14
Arlington Asset Investment Corp,WEB,6,41
"PRGX Global, Inc.",WEB,1,1
Eaton Vance Municipal Income Trust,WEB,2,6
"Digital Turbine, Inc.",WEB,1,2
"Saul Centers, Inc.",WEB,2,7
"Salisbury Bancorp, Inc.",WEB,2,14
"RTI Surgical Holdings, Inc.",WEB,4,30
"Revolution Lighting Technologies, Inc.",WEB,2,14
Endava plc,WEB,2,13
"Customers Bancorp, Inc",WEB,10,100
Entera Bio Ltd.,WEB,3,22
Territorial Bancorp Inc.,WEB,10,100
"Nuveen New York Municipal Value Fund, Inc.",WEB,2,15
"Superior Drilling Products, Inc.",WEB,2,15
"Zogenix, Inc.",WEB,2,9
"Apple Hospitality REIT, Inc.",WEB,2,7
iClick Interactive Asia Group Limited,WEB,2,15
MGM Resorts International,WEB,1,5
Auris Medical Holding Ltd.,WEB,3,22
"Team, Inc.",WEB,5,32
"DelMar Pharmaceuticals, Inc.",WEB,3,19
"Carbonite, Inc.",WEB,1,5
Marathon Oil Corporation,WEB,5,35
"Western Asset High Income Opportunity Fund, Inc.",WEB,2,7
"IQVIA Holdings, Inc.",WEB,2,15
"Provident Financial Holdings, Inc.",WEB,10,98
"The ONE Group Hospitality, Inc.",WEB,4,30
"Paycom Software, Inc.",WEB,2,15
"Advanced Energy Industries, Inc.",WEB,4,29
"First Business Financial Services, Inc.",WEB,2,15
Invesco California Value Municipal Income Trust,WEB,2,6
"GoPro, Inc.",WEB,1,2
World Acceptance Corporation,WEB,10,98
Check Point Software Technologies Ltd.,WEB,2,15
"Payment Data Systems, Inc.",WEB,1,5
"Teradyne, Inc.",WEB,4,29
"National Vision Holdings, Inc.",WEB,1,2
CPFL Energia S.A.,WEB,8,57
"Timberland Bancorp, Inc.",WEB,9,94
DENTSPLY SIRONA Inc.,WEB,2,15
W.P. Carey Inc.,WEB,2,8
"Acasti Pharma, Inc.",WEB,3,18
Fastenal Company,WEB,4,26
"Westell Technologies, Inc.",WEB,4,29
Fox Factory Holding Corp.,WEB,2,15
Clorox Company (The),WEB,2,17
Invesco Trust  for Investment Grade New York Municipal,WEB,2,6
Aberdeen Income Credit Strategies Fund,WEB,2,7
"Spirit Airlines, Inc.",WEB,1,2
"ShiftPixy, Inc.",WEB,2,15
ESCO Technologies Inc.,WEB,4,29
Microsoft Corporation,WEB,9,95
"ADDvantage Technologies Group, Inc.",WEB,8,51
"Mattel, Inc.",WEB,2,14
Altria Group,WEB,2,15
"P & F Industries, Inc.",WEB,4,24
Ardmore Shipping Corporation,WEB,3,19
"BioDelivery Sciences International, Inc.",WEB,8,62
Hexindai Inc.,WEB,8,57
Cosan Limited,WEB,1,2
"Schnitzer Steel Industries, Inc.",WEB,4,23
"Universal Security Instruments, Inc.",WEB,4,26
"Perficient, Inc.",WEB,2,13
"Magna International, Inc.",WEB,8,82
Capitol Investment Corp. IV,WEB,2,8
"Motus GI Holdings, Inc.",WEB,3,19
"MercadoLibre, Inc.",WEB,8,75
"Mobile Mini, Inc.",WEB,1,5
Dynagas LNG Partners LP,WEB,4,24
"Urban One, Inc. ",WEB,1,2
"WisdomTree Investments, Inc.",WEB,2,15
Novelion Therapeutics Inc. ,WEB,8,79
"Kimball Electronics, Inc.",WEB,2,15
Francesca&#39;s Holdings Corporation,WEB,4,25
"Inspired Entertainment, Inc.",WEB,4,30
Pacific Coast Oil Trust,WEB,8,56
"Monarch Casino & Resort, Inc.",WEB,3,19
Nuveen Select Maturities Municipal Fund,WEB,2,15
"Helius Medical Technologies, Inc.",WEB,3,22
"MetLife, Inc.",WEB,10,97
Two Harbors Investments Corp,WEB,6,41
STERIS plc,WEB,2,11
"First Mid Bancshares, Inc.",WEB,2,14
"Selective Insurance Group, Inc.",WEB,10,96
"Sunesis Pharmaceuticals, Inc.",WEB,3,19
First Bank,WEB,1,2
Unico American Corporation,WEB,10,96
Nielsen N.V.,WEB,2,13
"WageWorks, Inc.",WEB,2,7
"Mesa Laboratories, Inc.",WEB,1,2
NextDecade Corporation,WEB,4,24
"Marchex, Inc.",WEB,2,15
"Aimmune Therapeutics, Inc.",WEB,2,15
"G-III Apparel Group, LTD.",WEB,1,5
"Stanley Black & Decker, Inc.",WEB,2,15
"Nelnet, Inc.",WEB,1,3
Tocagen Inc.,WEB,8,54
"Tile Shop Hldgs, Inc.",WEB,4,25
"Cellcom Israel, Ltd.",WEB,8,63
"Avalara, Inc.",WEB,9,94
"Obalon Therapeutics, Inc.",WEB,2,15
"Perma-Fix Environmental Services, Inc.",WEB,4,28
Ivy High Income Opportunities Fund,WEB,7,47
Array BioPharma Inc.,WEB,3,19
Apollo Senior Floating Rate Fund Inc.,WEB,6,40
"MIDSTATES PETROLEUM COMPANY, INC.",WEB,4,24
Wayfair Inc.,WEB,1,2
"Global Self Storage, Inc.",WEB,2,15
Ceridian HCM Holding Inc.,WEB,2,17
"Genesee & Wyoming, Inc.",WEB,2,15
"Brooks Automation, Inc.",WEB,4,29
"HopFed Bancorp, Inc.",WEB,2,17
"Agilysys, Inc.",WEB,2,13
"Allegiance Bancshares, Inc.",WEB,2,17
"Melrose Bancorp, Inc.",WEB,10,100
Unum Group,WEB,7,46
Extra Space Storage Inc,WEB,8,57
BSQUARE Corporation,WEB,6,40
Synaptics Incorporated,WEB,2,17
"Roku, Inc.",WEB,1,5
Masimo Corporation,WEB,4,30
"Retail Properties of America, Inc.",WEB,2,8
ZAGG Inc,WEB,1,5
Nuveen Minnesota Quality Municipal Income Fund,WEB,2,15
"Unifi, Inc.",WEB,2,15
"Fred&#39;s, Inc.",WEB,1,5
Valvoline Inc.,WEB,4,24
"Genocea Biosciences, Inc.",WEB,2,15
Progenics Pharmaceuticals Inc.,WEB,3,19
Mercury General Corporation,WEB,1,5
FirstEnergy Corp.,WEB,8,87
Stewardship Financial Corp,WEB,6,41
"Gritstone Oncology, Inc.",WEB,8,63
Cenovus Energy Inc,WEB,3,18
Herc Holdings Inc.,WEB,2,8
Allot Ltd.,WEB,2,15
Exelon Corporation,WEB,7,45
Hailiang Education Group Inc.,WEB,2,15
CYREN Ltd.,WEB,2,17
"Walker & Dunlop, Inc.",WEB,6,41
Omeros Corporation,WEB,3,19
Capital Product Partners L.P.,WEB,2,14
Geopark Ltd,WEB,2,7
"Northwest Bancshares, Inc.",WEB,8,73
Aptevo Therapeutics Inc.,WEB,8,58
"Northfield Bancorp, Inc.",WEB,10,98
Mylan N.V.,WEB,2,15
Allegiant Travel Company,WEB,1,3
SVMK Inc.,WEB,1,5
"Simon Property Group, Inc.",WEB,2,15
First Commonwealth Financial Corporation,WEB,2,17
Arthur J. Gallagher & Co.,WEB,4,31
"Exela Technologies, Inc.",WEB,2,12
"CarGurus, Inc.",WEB,1,5
"NCI Building Systems, Inc.",WEB,2,17
"Art&#39;s-Way Manufacturing Co., Inc.",WEB,2,15
Avista Corporation,WEB,8,83
EPR Properties,WEB,3,19
Bruker Corporation,WEB,8,66
Fibrocell Science Inc.,WEB,3,19
"Solaris Oilfield Infrastructure, Inc.",WEB,2,17
"Plug Power, Inc.",WEB,4,24
Huntington Bancshares Incorporated,WEB,10,100
Total S.A.,WEB,4,24
"Heidrick & Struggles International, Inc.",WEB,2,17
"Huntington Ingalls Industries, Inc.",WEB,4,24
"Cedar Fair, L.P.",WEB,1,3
"Rambus, Inc.",WEB,1,1
Halliburton Company,WEB,4,31
"U.S. Xpress Enterprises, Inc.",WEB,2,7
"j2 Global, Inc.",WEB,2,16
"Spirit Realty Capital, Inc.",WEB,8,85
Noble Energy Inc.,WEB,4,24
"Templeton Global Income Fund, Inc.",WEB,6,42
Cardtronics plc,WEB,2,14
BRP Inc.,WEB,2,14
Arlington Asset Investment Corp,WEB,6,41
"PRGX Global, Inc.",WEB,1,1
Eaton Vance Municipal Income Trust,WEB,2,6
"Digital Turbine, Inc.",WEB,1,2
"Saul Centers, Inc.",WEB,2,7
"Salisbury Bancorp, Inc.",WEB,2,14
"RTI Surgical Holdings, Inc.",WEB,4,30
"Revolution Lighting Technologies, Inc.",WEB,2,14
Endava plc,WEB,2,13
"Customers Bancorp, Inc",WEB,10,100
Entera Bio Ltd.,WEB,3,22
Territorial Bancorp Inc.,WEB,10,100
"Nuveen New York Municipal Value Fund, Inc.",WEB,2,11
"Superior Drilling Products, Inc.",WEB,2,15
"Zogenix, Inc.",WEB,2,9
"Apple Hospitality REIT, Inc.",WEB,2,7
iClick Interactive Asia Group Limited,WEB,2,15
MGM Resorts International,WEB,1,5
Auris Medical Holding Ltd.,WEB,3,22
"Team, Inc.",WEB,5,32
"DelMar Pharmaceuticals, Inc.",WEB,3,19
"Carbonite, Inc.",WEB,2,15
Marathon Oil Corporation,WEB,5,35
"Western Asset High Income Opportunity Fund, Inc.",WEB,2,7
"IQVIA Holdings, Inc.",WEB,2,15
"Provident Financial Holdings, Inc.",WEB,10,98
"The ONE Group Hospitality, Inc.",WEB,4,31
"Paycom Software, Inc.",WEB,2,15
"Advanced Energy Industries, Inc.",WEB,4,29
"First Business Financial Services, Inc.",WEB,2,17
Invesco California Value Municipal Income Trust,WEB,2,6
"GoPro, Inc.",WEB,1,2
World Acceptance Corporation,WEB,10,98
"Banc of California, Inc.",WEB,10,98
"Global Net Lease, Inc.",WEB,5,36
Innodata Inc.,WEB,9,94
Novo Nordisk A/S,WEB,3,19
"New York Mortgage Trust, Inc.",WEB,2,14
"Tactile Systems Technology, Inc.",WEB,3,19
"First Hawaiian, Inc.",WEB,10,99
Cementos Pacasmayo S.A.A.,WEB,8,69
"IF Bancorp, Inc.",WEB,10,100
"Shell Midstream Partners, L.P.",WEB,2,14
"Mid-Con Energy Partners, LP",WEB,4,24
Sify Technologies Limited,WEB,8,64
"Badger Meter, Inc.",WEB,4,26
"Marcus & Millichap, Inc.",WEB,2,7
Immuron Limited,WEB,3,22
"Burlington Stores, Inc.",WEB,2,14
"DocuSign, Inc.",WEB,2,15
"Valmont Industries, Inc.",WEB,1,2
Aptorum Group Limited,WEB,8,73
"ARC Document Solutions, Inc.",WEB,3,19
Ladder Capital Corp,WEB,2,7
Fly Leasing Limited,WEB,2,8
Flex Ltd.,WEB,4,29
Regal Beloit Corporation,WEB,4,26
Party City Holdco Inc.,WEB,10,99
"support.com, Inc.",WEB,8,86
First Northwest Bancorp,WEB,8,71
Shore Bancshares Inc,WEB,7,47
Diebold Nixdorf Incorporated,WEB,9,94
Power REIT,WEB,2,7
Western Asset Municipal Defined Opportunity Trust Inc,WEB,2,7
"Innovative Industrial Properties, Inc.",WEB,2,7
Cathay General Bancorp,WEB,9,92
"Diamond Hill Investment Group, Inc.",WEB,10,98
Nuveen California Quality Municipal Income Fund,WEB,2,15
Appian Corporation,WEB,5,32
"Hercules Capital, Inc.",WEB,2,10
"Sportsman&#39;s Warehouse Holdings, Inc.",WEB,4,25
"Creative Realities, Inc.",WEB,2,11
"BeiGene, Ltd.",WEB,3,19
FutureFuel Corp.,WEB,4,30
"Del Taco Restaurants, Inc.",WEB,1,3
"YRC Worldwide, Inc.",WEB,4,31
GP Strategies Corporation,WEB,2,16
"Autodesk, Inc.",WEB,2,12
"Washington Federal, Inc.",WEB,2,15
Enbridge Inc,WEB,4,26
Equinor ASA,WEB,3,18
Fuling Global Inc.,WEB,4,26
"Superior Energy Services, Inc.",WEB,4,23
"Moneygram International, Inc.",WEB,2,14
California Resources Corporation,WEB,4,24
John Hancock Tax Advantaged Dividend Income Fund,WEB,7,45
SeaSpine Holdings Corporation,WEB,3,19
Sequans Communications S.A.,WEB,2,15
"Alaska Communications Systems Group, Inc.",WEB,10,100
"Super League Gaming, Inc.",WEB,8,60
Crown Castle International Corporation,WEB,4,31
Foresight Autonomous Holdings Ltd.,WEB,3,19
OMNOVA Solutions Inc.,WEB,2,12
Armstrong World Industries Inc,WEB,9,94
AmerisourceBergen Corporation (Holding Co),WEB,4,29
"Spectrum Pharmaceuticals, Inc.",WEB,8,54
"Republic Bancorp, Inc.",WEB,10,99
"Regeneron Pharmaceuticals, Inc.",WEB,3,19
"InnerWorkings, Inc.",WEB,4,30
J P Morgan Chase & Co,WEB,6,38
Mimecast Limited,WEB,2,17
American Express Company,WEB,10,100
Salesforce.com Inc,WEB,2,15
Grupo Aval Acciones y Valores S.A.,WEB,2,10
Mercantil Bank Holding Corporation,WEB,10,100
"Magellan Health, Inc.",WEB,2,15
Tri Continental Corporation,WEB,7,47
"Ryman Hospitality Properties, Inc.",WEB,2,7
Consolidated Edison Inc,WEB,4,24
"OraSure Technologies, Inc.",WEB,3,19
"Kirkland&#39;s, Inc.",WEB,1,2
"CIRCOR International, Inc.",WEB,2,15
"Finjan Holdings, Inc.",WEB,4,30
TE Connectivity Ltd.,WEB,1,1
Cooper Tire & Rubber Company,WEB,1,1
Brookfield Property Partners L.P.,WEB,2,8
"Methode Electronics, Inc.",WEB,2,15
Jumei International Holding Limited,WEB,1,2
BRF S.A.,WEB,8,69
"Spirit Aerosystems Holdings, Inc.",WEB,2,7
"Surface Oncology, Inc.",WEB,3,22
ChinaCache International Holdings Ltd.,WEB,1,2
DLH Holdings Corp.,WEB,2,15
Turtle Beach Corporation,WEB,4,24
"Groupon, Inc.",WEB,1,2
Smartsheet Inc.,WEB,2,15
"Xtant Medical Holdings, Inc.",WEB,2,15
"Harvard Bioscience, Inc.",WEB,2,16
Sensient Technologies Corporation,WEB,2,15
Applied DNA Sciences Inc,WEB,2,15
"Voya Financial, Inc.",WEB,2,15
Nuveen Enhanced Municipal Value Fund,WEB,2,11
Wintrust Financial Corporation,WEB,10,98
"D.R. Horton, Inc.",WEB,1,2
"General American Investors, Inc.",WEB,6,40
Neptune Wellness Solutions Inc.,WEB,5,34
ON Semiconductor Corporation,WEB,4,29
"Wolverine World Wide, Inc.",WEB,2,11
Rent-A-Center Inc.,WEB,1,5
"Seabridge Gold, Inc.",WEB,2,7
"YogaWorks, Inc.",WEB,2,7
BalckRock Taxable Municipal Bond Trust,WEB,7,45
"AnaptysBio, Inc.",WEB,3,22
"USA Truck, Inc.",WEB,8,68
Tellurian Inc.,WEB,4,30
MRC Global Inc.,WEB,4,26
"Gulf Island Fabrication, Inc.",WEB,4,30
"Cullen/Frost Bankers, Inc.",WEB,6,42
"Nutanix, Inc.",WEB,8,48
Cameco Corporation,WEB,2,7
Voya Global Advantage and Premium Opportunity Fund,WEB,6,39
Realty Income Corporation,WEB,4,27
Ternium S.A.,WEB,8,70
"Global Brass and Copper Holdings, Inc.",WEB,2,15
"Diamondback Energy, Inc.",WEB,2,14
Wright Medical Group N.V.,WEB,3,21
Cemtrex Inc.,WEB,4,24
"Jaguar Health, Inc.",WEB,2,15
"U S Concrete, Inc.",WEB,1,2
Peoples Financial Services Corp. ,WEB,8,74
"Bionano Genomics, Inc.",WEB,8,54
Apollo Tactical Income Fund Inc.,WEB,6,40
Nuveen Pennsylvania Municipal Value Fund,WEB,2,15
Opus Bank,WEB,2,12
Nuveen Floating Rate Income Fund,WEB,2,11
McGrath RentCorp,WEB,8,56
Hingham Institution for Savings,WEB,10,100
"Ocean Power Technologies, Inc.",WEB,3,19
RBB Bancorp,WEB,10,98
"Omega Healthcare Investors, Inc.",WEB,8,54
"CoreLogic, Inc.",WEB,2,13
Cognex Corporation,WEB,4,29
"Analog Devices, Inc.",WEB,2,11
Jumia Technologies AG,WEB,2,14
Cango Inc.,WEB,2,14
"Mondelez International, Inc.",WEB,2,15
Polymet Mining Corp.,WEB,3,18
"Cohen & Steers MLP Income and Energy Opportunity Fund, Inc.",WEB,6,39
Oshkosh Corporation,WEB,3,18
SM Energy Company,WEB,4,24
"Cohen & Steers Closed-End Opportunity Fund, Inc.",WEB,6,39
Steelcase Inc.,WEB,4,30
Medley Management Inc.,WEB,2,6
"Air T, Inc.",WEB,2,15
CONMED Corporation,WEB,3,19
"Natural Gas Services Group, Inc.",WEB,4,23
"Ulta Beauty, Inc.",WEB,2,15
FedEx Corporation,WEB,10,99
Gamida Cell Ltd.,WEB,3,22
Invitation Homes Inc.,WEB,3,18
"PerkinElmer, Inc.",WEB,2,15
Elanco Animal Health Incorporated,WEB,3,19
"Federated Investors, Inc.",WEB,1,2
"Shake Shack, Inc.",WEB,2,15
Darling Ingredients Inc.,WEB,4,29
"Ameri Holdings, Inc.",WEB,2,16
Guggenheim Strategic Opportunities Fund,WEB,2,6
AllianzGI Convertible & Income Fund II,WEB,6,39
"Cohen & Steers Global Income Builder, Inc.",WEB,6,39
"AudioEye, Inc.",WEB,2,15
Honeywell International Inc.,WEB,2,12
"Tetra Tech, Inc.",WEB,2,17
"Newmark Group, Inc.",WEB,6,39
Pacific City Financial Corporation,WEB,2,17
Dawson Geophysical Company,WEB,2,17
Bio-Techne Corp,WEB,2,17
"Auburn National Bancorporation, Inc.",WEB,2,15
Columbia Sportswear Company,WEB,2,15
HMS Holdings Corp,WEB,2,14
Cummins Inc.,WEB,2,15
ConocoPhillips,WEB,2,15
Dick&#39;s Sporting Goods Inc,WEB,8,81
Voya Asia Pacific High Dividend Equity Income Fund,WEB,6,39
"Sears Hometown and Outlet Stores, Inc.",WEB,8,77
Invesco Municipal Trust,WEB,2,6
"TCW Strategic Income Fund, Inc.",WEB,2,6
Altus Midstream Company,WEB,2,14
The Community Financial Corporation,WEB,10,100
NuCana plc,WEB,3,19
"Pathfinder Bancorp, Inc.",WEB,10,100
Owens Corning Inc,WEB,2,15
"Earthstone Energy, Inc.",WEB,2,15
Veritiv Corporation,WEB,2,17
Sharps Compliance Corp.,WEB,4,28
Capitala Finance Corp.,WEB,2,6
Ashford Hospitality Trust Inc,WEB,8,59
"BioScrip, Inc.",WEB,8,52
MFS Intermediate Income Trust,WEB,2,14
United Insurance Holdings Corp.,WEB,2,15
VEON Ltd.,WEB,2,14
Thermo Fisher Scientific Inc,WEB,3,22
Mosaic Company (The),WEB,8,80
Rio Tinto Plc,WEB,4,30
Nuveen Core Equity Alpha Fund,WEB,2,11
A.O Smith Corporation,WEB,3,18
Nuveen New York Quality Municipal Income Fund,WEB,2,11
Brookdale Senior Living Inc.,WEB,2,17
Scorpio Tankers Inc.,WEB,4,31
F.N.B. Corporation,WEB,10,100
Stratus Properties Inc.,WEB,2,8
John Hancock Income Securities Trust,WEB,7,45
"Inogen, Inc",WEB,2,15
Melco Resorts & Entertainment Limited,WEB,3,18
Kornit Digital Ltd.,WEB,2,17
"Fulgent Genetics, Inc.",WEB,3,21
"Capricor Therapeutics, Inc.",WEB,3,18
"The Trade Desk, Inc.",WEB,1,2
"Zuora, Inc.",WEB,9,94
Cytori Therapeutics Inc.,WEB,3,19
"Innovative Solutions and Support, Inc.",WEB,4,29
Astrotech Corporation,WEB,3,19
Cohen & Steers Quality Income Realty Fund Inc,WEB,6,39
"Blucora, Inc.",WEB,2,14
"Red River Bancshares, Inc.",WEB,10,98
KLA-Tencor Corporation,WEB,4,29
Western Alliance Bancorporation,WEB,8,68
Lyon William Homes,WEB,2,15
Kayne Anderson MLP/Midstream Investment Company,WEB,7,43
Eaton Vance Short Diversified Income Fund,WEB,2,6
CenterState Bank Corporation,WEB,10,100
"Apollo Endosurgery, Inc.",WEB,2,15
Trustmark Corporation,WEB,10,100
U.S. Bancorp,WEB,1,1
"Waddell & Reed Financial, Inc.",WEB,6,42
"Sientra, Inc.",WEB,2,15
Masonite International Corporation,WEB,2,15
"Yext, Inc.",WEB,2,12
State Street Corporation,WEB,6,42
"SkyWest, Inc.",WEB,2,15
OUTFRONT Media Inc.,WEB,1,5
OneSpan Inc.,WEB,1,5
"Manitowoc Company, Inc. (The)",WEB,2,14
Brandywine Realty Trust,WEB,2,8
Matador Resources Company,WEB,2,14
"NetScout Systems, Inc.",WEB,4,31
"Odonate Therapeutics, Inc.",WEB,3,18
Marriott International,WEB,2,15
Domtar Corporation,WEB,1,4
"Rocket Pharmaceuticals, Inc.",WEB,1,2
"TDH Holdings, Inc.",WEB,4,26
Sasol Ltd.,WEB,4,31
3M Company,WEB,3,22
"Sykes Enterprises, Incorporated",WEB,2,11
Intercontinental Hotels Group,WEB,2,14
"Evolving Systems, Inc.",WEB,4,29
Eaton Vance High Income 2021 Target Term Trust,WEB,2,6
"Suburban Propane Partners, L.P.",WEB,2,17
Twist Bioscience Corporation,WEB,3,19
"TheStreet, Inc.",WEB,2,12
"Command Center, Inc.",WEB,2,15
Correvio Pharma Corp.,WEB,2,15
"AgEagle Aerial Systems, Inc.",WEB,2,15
Seaboard Corporation,WEB,4,30
Kimco Realty Corporation,WEB,2,8
ASLAN Pharmaceuticals Limited,WEB,3,22
"Minerva Neurosciences, Inc",WEB,2,15
Macquarie Global Infrastructure Total Return Fund Inc.,WEB,6,38
Viper Energy Partners LP,WEB,2,14
"NAPCO Security Technologies, Inc.",WEB,1,5
"Accelerate Diagnostics, Inc.",WEB,2,15
"BIO-key International, Inc.",WEB,4,29
"Sally Beauty Holdings, Inc.",WEB,2,15
Solid Biosciences Inc.,WEB,2,15
Western Asset High Yield Defined Opportunity Fund Inc.,WEB,2,7
Standex International Corporation,WEB,2,8
PennyMac Mortgage Investment Trust,WEB,1,2
iRobot Corporation,WEB,9,95
"Acacia Communications, Inc.",WEB,2,15
W.R. Berkley Corporation,WEB,2,15
Blue Bird Corporation,WEB,4,29
PICO Holdings Inc.,WEB,6,40
"NextEra Energy, Inc.",WEB,1,2
"Nuverra Environmental Solutions, Inc.",WEB,5,32
Seaspan Corporation,WEB,4,27
"CACI International, Inc.",WEB,2,14
Willis Lease Finance Corporation,WEB,2,7
Koss Corporation,WEB,2,15
"Charles River Laboratories International, Inc.",WEB,3,22
"Zayo Group Holdings, Inc.",WEB,4,27
Western Asset High Income Fund II Inc.,WEB,2,7
Clean Energy Fuels Corp.,WEB,4,24
"SPAR Group, Inc.",WEB,2,16
Pointer Telocation Ltd.,WEB,2,15
Oil-Dri Corporation Of America,WEB,4,23
RLI Corp.,WEB,10,97
Mastercard Incorporated,WEB,4,31
"Welbilt, Inc.",WEB,5,37
"Insmed, Inc.",WEB,2,7
"Sound Financial Bancorp, Inc.",WEB,1,2
VivoPower International PLC,WEB,4,24
TIM Participacoes S.A.,WEB,8,85
Microbot Medical Inc. ,WEB,3,19
Sprint Corporation,WEB,2,15
QuickLogic Corporation,WEB,2,15
Eaton Vance Tax-Advantaged Global Dividend Income Fund,WEB,2,6
"CF Industries Holdings, Inc.",WEB,4,31
"Smith Micro Software, Inc.",WEB,8,71
Norwood Financial Corp.,WEB,2,15
Fiat Chrysler Automobiles N.V.,WEB,3,18
"Benefitfocus, Inc.",WEB,10,96
Nuveen Real Asset Income and Growth Fund,WEB,2,15
"Superior Industries International, Inc.",WEB,4,24
"Arch Coal, Inc.",WEB,4,26
voxeljet AG,WEB,1,1
Senmiao Technology Limited,WEB,8,65
"Cree, Inc.",WEB,4,26
"Inovalon Holdings, Inc.",WEB,2,15
Rayonier Inc.,WEB,2,16
CME Group Inc.,WEB,2,7
"Southern National Bancorp of Virginia, Inc.",WEB,1,2
RADA Electronic Industries Ltd.,WEB,8,48
Whitestone REIT,WEB,2,16
Spartan Energy Acquisition Corp,WEB,7,43
John Hancock Pfd Income Fund II,WEB,7,45
Deere & Company,WEB,10,99
Ion Geophysical Corporation,WEB,4,23
"Camping World Holdings, Inc.",WEB,1,5
Clipper Realty Inc.,WEB,8,66
1st Source Corporation,WEB,8,79
Lennar Corporation,WEB,2,15
"Summit Hotel Properties, Inc.",WEB,2,8
Oxford Immunotec Global PLC,WEB,2,15
The Kraft Heinz Company,WEB,1,5
"Highwoods Properties, Inc.",WEB,2,16
The Middleby Corporation,WEB,2,17
Molson Coors Brewing  Company,WEB,3,19
"Mitek Systems, Inc.",WEB,2,13
"Iteris, Inc.",WEB,2,15
"ConAgra Brands, Inc.",WEB,1,2
Marcus Corporation (The),WEB,6,40
"e.l.f. Beauty, Inc.",WEB,1,5
"Toll Brothers, Inc.",WEB,2,15
"Manhattan Associates, Inc.",WEB,4,29
"Bancorp 34, Inc.",WEB,10,100
Macy&#39;s Inc,WEB,2,7
NXP Semiconductors N.V.,WEB,4,29
Southern Company (The),WEB,2,7
"CSG Systems International, Inc.",WEB,5,32
Kopin Corporation,WEB,2,15
Modine Manufacturing Company,WEB,4,28
"PetMed Express, Inc.",WEB,1,4
Multi-Color Corporation,WEB,8,51
Approach Resources Inc.,WEB,3,18
"Instructure, Inc.",WEB,3,22
Invesco Trust for Investment Grade Municipals,WEB,2,6
Amarin Corporation plc,WEB,3,19
Seneca Foods Corp.,WEB,4,26
"Ironwood Pharmaceuticals, Inc.",WEB,3,19
ICICI Bank Limited,WEB,1,2
"First Industrial Realty Trust, Inc.",WEB,2,16
Optibase Ltd.,WEB,8,61
Falcon Minerals Corporation,WEB,4,24
"Forty Seven, Inc.",WEB,3,19
"Versum Materials, Inc.",WEB,4,31
Talend S.A.,WEB,2,12
China Finance Online Co. Limited,WEB,8,55
EVINE Live Inc.,WEB,1,2
"J. Jill, Inc.",WEB,1,5
"Columbia Financial, Inc.",WEB,10,98
Brookfield Property REIT Inc.,WEB,2,8
Parsons Corporation,WEB,4,29
"Stericycle, Inc.",WEB,2,15
CPI Card Group Inc.,WEB,10,99
Johnson & Johnson,WEB,2,15
"The Travelers Companies, Inc.",WEB,10,96
Ideal Power Inc.,WEB,3,18
"Great Western Bancorp, Inc.",WEB,10,98
Scorpio Bulkers Inc.,WEB,4,31
CSX Corporation,WEB,1,2
Naked Brand Group Limited,WEB,8,74
"IDACORP, Inc.",WEB,4,26
"Borqs Technologies, Inc. ",WEB,4,31
"Nexstar Media Group, Inc.",WEB,1,2
Zai Lab Limited,WEB,8,88
Star Bulk Carriers Corp.,WEB,5,35
Ardagh Group S.A.,WEB,4,29
Pentair plc.,WEB,2,15
"Yield10 Bioscience, Inc.",WEB,3,19
"Eyegate Pharmaceuticals, Inc.",WEB,2,7
AdvanSix Inc.,WEB,3,19
John Hancock Premium Dividend Fund,WEB,7,45
SLM Corporation,WEB,1,1
TPG Pace Holdings Corp.,WEB,5,35
Teekay Offshore Partners L.P.,WEB,4,24
National Energy Services Reunited Corp.,WEB,8,63
Coca Cola Femsa S.A.B. de C.V.,WEB,8,66
"T-Mobile US, Inc.",WEB,1,2
Babcock,WEB,4,23
"Retrophin, Inc.",WEB,2,9
"Cass Information Systems, Inc",WEB,2,14
"Qorvo, Inc.",WEB,2,15
Athene Holding Ltd.,WEB,8,76
"Martin Marietta Materials, Inc.",WEB,4,24
"Kelly Services, Inc.",WEB,4,27
"CHF Solutions, Inc.",WEB,2,15
Invesco High Income Trust II,WEB,2,6
Teva Pharmaceutical Industries Limited,WEB,5,34
"Albireo Pharma, Inc.",WEB,3,19
SunPower Corporation,WEB,4,24
Kamada Ltd.,WEB,3,22
"FibroGen, Inc",WEB,3,19
Axovant Gene Therapies Ltd.,WEB,3,19
"ForeScout Technologies, Inc.",WEB,8,48
"SEACOR Holdings, Inc.",WEB,4,24
"Nuveen Municipal Income Fund, Inc.",WEB,2,15
MOGU Inc.,WEB,8,69
Toyota Motor Corp Ltd Ord,WEB,2,15
Nymox Pharmaceutical Corporation,WEB,1,2
"Streamline Health Solutions, Inc.",WEB,2,15
"Calithera Biosciences, Inc.",WEB,3,19
"Baker Hughes, a GE company",WEB,4,24
Civeo Corporation,WEB,4,30
K12 Inc,WEB,10,99
DXC Technology Company,WEB,5,32
"Orion Group Holdings, Inc.",WEB,2,17
"Remark Holdings, Inc.",WEB,8,78
Kraton Corporation,WEB,4,26
"BMC Stock Holdings, Inc.",WEB,2,17
ObsEva SA,WEB,3,22
HSBC Holdings plc,WEB,9,93
Guggenheim Credit Allocation Fund,WEB,2,6
Tenneco Inc.,WEB,4,26
HeadHunter Group PLC,WEB,1,2
Nemaura Medical Inc.,WEB,1,1
IRSA Propiedades Comerciales S.A.,WEB,8,73
Brookfield Asset Management Inc,WEB,6,39
"Sierra Wireless, Inc.",WEB,9,94
Perrigo Company,WEB,2,15
Biofrontera AG,WEB,2,15
Adobe Inc.,WEB,8,52
ArcBest Corporation,WEB,4,29
Menlo Therapeutics Inc.,WEB,3,19
"SeaWorld Entertainment, Inc.",WEB,4,24
Enel Chile S.A.,WEB,2,7
SecureWorks Corp.,WEB,2,13
CyberArk Software Ltd.,WEB,3,21
MannKind Corporation,WEB,3,19
Cambridge Bancorp,WEB,2,7
"Hanger, Inc.",WEB,2,14
"Dril-Quip, Inc.",WEB,4,29
Tupperware Brands Corporation,WEB,1,2
"TripAdvisor, Inc.",WEB,1,2
Eaton Vance Senior Floating-Rate Fund,WEB,2,6
"Alteryx, Inc.",WEB,8,48
"AcelRx Pharmaceuticals, Inc.",WEB,3,19
Franklin Universal Trust,WEB,6,42
"Varian Medical Systems, Inc.",WEB,3,19
"US Ecology, Inc.",WEB,4,26
"Aqua Metals, Inc.",WEB,4,30
"FFBW, Inc.",WEB,2,15
"Cornerstone OnDemand, Inc.",WEB,2,13
"Monolithic Power Systems, Inc.",WEB,4,28
"Tesla, Inc. ",WEB,4,24
Marvell Technology Group Ltd.,WEB,2,15
Navient Corporation,WEB,6,41
Keurig Dr Pepper Inc.,WEB,4,26
"New Ireland Fund, Inc. (The)",WEB,6,39
"MuniVest Fund, Inc.",WEB,7,45
Hancock Whitney Corporation,WEB,9,95
Colonial Intermediate High Income Fund,WEB,2,14
ArcelorMittal,WEB,4,26
"Catasys, Inc.",WEB,3,19
Triple-S Management Corporation,WEB,8,90
"Revlon, Inc.",WEB,2,15
SP Plus Corporation,WEB,2,15
"ACI Worldwide, Inc.",WEB,7,45
"Hibbett Sports, Inc.",WEB,4,25
"American Software, Inc.",WEB,5,37
Secoo Holding Limited,WEB,1,2
St. Joe Company (The),WEB,2,7
"NovaBay Pharmaceuticals, Inc.",WEB,3,19
TFS Financial Corporation,WEB,1,5
China Online Education Group,WEB,8,67
Westlake Chemical Corporation,WEB,5,34
Evercore Inc.,WEB,5,35
"Atara Biotherapeutics, Inc.",WEB,3,18
Kosmos Energy Ltd.,WEB,4,24
"Otonomy, Inc.",WEB,3,22
Realm Therapeutics plc,WEB,3,19
Realogy Holdings Corp.,WEB,2,16
"Natural Alternatives International, Inc.",WEB,4,30
"Akoustis Technologies, Inc.",WEB,3,19
Sabre Corporation,WEB,2,15
"Synopsys, Inc.",WEB,2,15
"Tivity Health, Inc.",WEB,2,15
Voya International High Dividend Equity Income Fund,WEB,6,39
"Spark Networks, Inc.",WEB,8,53
"Itron, Inc.",WEB,5,34
"PC-Tel, Inc.",WEB,4,29
"FireEye, Inc.",WEB,4,31
"Illumina, Inc.",WEB,3,19
Hillenbrand Inc,WEB,1,2
Hanesbrands Inc.,WEB,1,5
"American International Group, Inc.",WEB,9,95
"Millendo Therapeutics, Inc. ",WEB,3,19
"XPO Logistics, Inc.",WEB,5,33
"SITO Mobile, Ltd.",WEB,4,29
Capital Southwest Corporation,WEB,6,42
BG Staffing Inc,WEB,10,98
ChannelAdvisor Corporation,WEB,1,2
Intel Corporation,WEB,2,15
Front Yard Residential Corporation,WEB,9,95
Kansas City Southern,WEB,8,62
Sleep Number Corporation,WEB,8,54
Natus Medical Incorporated,WEB,1,4
Nuveen Diversified Dividend and Income Fund,WEB,2,15
"Mannatech, Incorporated",WEB,2,10
"National Security Group, Inc.",WEB,1,1
"EyePoint Pharmaceuticals, Inc.",WEB,3,19
Nanometrics Incorporated,WEB,4,29
"Clovis Oncology, Inc.",WEB,3,19
Ally Financial Inc.,WEB,10,100
"Grupo Aeroportuario Del Pacifico, S.A. de C.V.",WEB,2,7
"Aviat Networks, Inc.",WEB,2,15
"Kadmon Holdings, Inc.",WEB,3,22
scPharmaceuticals Inc.,WEB,9,95
"Zedge, Inc.",WEB,8,48
"EPAM Systems, Inc.",WEB,2,17
Enstar Group Limited,WEB,8,57
"Spark Therapeutics, Inc.",WEB,3,19
"Helmerich & Payne, Inc.",WEB,4,30
Franklin Covey Company,WEB,4,27
Diageo plc,WEB,4,26
Sanmina Corporation,WEB,8,64
"Great Southern Bancorp, Inc.",WEB,10,100
FedNat Holding Company,WEB,2,15
Iridium Communications Inc,WEB,2,15
"WPX Energy, Inc.",WEB,2,15
"The Chefs&#39; Warehouse, Inc.",WEB,4,26
TCR2 Therapeutics Inc.,WEB,3,19
Manulife Financial Corp,WEB,7,45
Acer Therapeutics Inc.,WEB,2,9
Ford Motor Company,WEB,1,2
"Affiliated Managers Group, Inc.",WEB,4,27
"Shoe Carnival, Inc.",WEB,1,5
Medtronic plc,WEB,2,12
Glen Burnie Bancorp,WEB,2,15
"Sequential Brands Group, Inc.",WEB,8,48
Glu Mobile Inc.,WEB,2,11
Corporate Office Properties Trust,WEB,2,8
FIRST REPUBLIC BANK,WEB,2,17
CHS Inc,WEB,4,30
Dana Incorporated,WEB,8,86
HUYA Inc.,WEB,8,59
China Eastern Airlines Corporation Ltd.,WEB,1,2
Chemours Company (The),WEB,4,30
"Care.com, Inc.",WEB,2,15
Invesco Senior Income Trust,WEB,2,6
"Everbridge, Inc.",WEB,3,19
"Upland Software, Inc.",WEB,2,13
"DHT Holdings, Inc.",WEB,8,80
"ASE Technology Holding Co., Ltd.",WEB,2,17
"U.S. Auto Parts Network, Inc.",WEB,1,5
Nuven Mortgage Opportunity Term Fund 2,WEB,2,15
"Cohen & Steers Select Preferred and Income Fund, Inc.",WEB,6,39
STORE Capital Corporation,WEB,1,1
EXFO Inc,WEB,2,17
Eaton Vance Tax-Managed Global Diversified Equity Income Fund,WEB,2,6
"Haverty Furniture Companies, Inc.",WEB,2,15
Newtek Business Services Corp.,WEB,10,97
Corcept Therapeutics Incorporated,WEB,3,22
"J. Alexander&#39;s Holdings, Inc.",WEB,2,15
Allergan plc.,WEB,4,30
"CareDx, Inc.",WEB,3,20
United Community Financial Corp.,WEB,10,98
"Cara Therapeutics, Inc.",WEB,3,22
Aspen Group Inc.,WEB,3,19
"Premier, Inc.",WEB,8,74
TEGNA Inc.,WEB,2,14
"Conn&#39;s, Inc.",WEB,1,5
Middlefield Banc Corp.,WEB,10,98
"Trevena, Inc.",WEB,3,19
"NanoVibronix, Inc.",WEB,8,63
"Farmers & Merchants Bancorp, Inc.",WEB,1,2
L.B. Foster Company,WEB,2,15
John Hancock Hedged Equity & Income Fund,WEB,7,45
Comcast Corporation,WEB,3,19
"The Michaels Companies, Inc.",WEB,1,5
"Socket Mobile, Inc.",WEB,4,29
Allegion plc,WEB,2,15
"MasterCraft Boat Holdings, Inc.",WEB,3,19
AC Immune SA,WEB,3,20
Fortive Corporation,WEB,4,24
UGI Corporation,WEB,4,24
"Banco Santander Mexico, S.A., Institucion de Ban",WEB,1,2
Ares Management Corporation,WEB,6,40
Houghton Mifflin Harcourt Company,WEB,4,30
"Theravance Biopharma, Inc.",WEB,3,18
"KVH Industries, Inc.",WEB,4,29
"Carbo Ceramics, Inc.",WEB,4,24
"Tilray, Inc.",WEB,2,7
"TSR, Inc.",WEB,6,42
"Worldpay, Inc.",WEB,10,100
"Nuveen California Municipal Value Fund, Inc.",WEB,2,15
"Midland States Bancorp, Inc.",WEB,2,15
Wix.com Ltd.,WEB,1,3
RPM International Inc.,WEB,4,30
Apyx Medical Corporation,WEB,5,34
"OFS Credit Company, Inc.",WEB,6,42
Archer-Daniels-Midland Company,WEB,4,30
"Brighthouse Financial, Inc.",WEB,7,46
"Independence Realty Trust, Inc.",WEB,8,76
Antero Resources Corporation,WEB,4,24
Healthcare Realty Trust Incorporated,WEB,2,15
"Aileron Therapeutics, Inc.",WEB,3,22
Nano Dimension Ltd.,WEB,4,29
Ryerson Holding Corporation,WEB,2,15
"Gulf Resources, Inc.",WEB,2,15
"CBTX, Inc.",WEB,2,15
Antero Midstream Corporation,WEB,3,18
First Horizon National Corporation,WEB,9,93
"Chipotle Mexican Grill, Inc.",WEB,4,26
"Lamb Weston Holdings, Inc.",WEB,3,19
"Taylor Devices, Inc.",WEB,4,23
"Twitter, Inc.",WEB,1,2
Synovus Financial Corp.,WEB,10,98
Deutsche Bank AG,WEB,9,93
"International Flavors & Fragrances, Inc.",WEB,4,31
BrandywineGLOBAL Global Income Opportunities Fund ,WEB,2,7
"First Community Bankshares, Inc.",WEB,10,100
"Identiv, Inc.",WEB,2,13
Nuveen Preferred and Income Term Fund,WEB,2,15
"Provention Bio, Inc.",WEB,3,19
"Easterly Government Properties, Inc.",WEB,2,10
Visteon Corporation,WEB,5,33
Quidel Corporation,WEB,3,19
"Nine Energy Service, Inc.",WEB,2,11
"Arista Networks, Inc.",WEB,2,15
Horizon Global Corporation,WEB,8,56
"Presidio, Inc.",WEB,2,13
Eaton Vance Municipal Income 2028 Term Trust,WEB,2,6
SpartanNash Company,WEB,2,7
Nuveen Intermediate Duration Municipal Term Fund,WEB,2,15
"Byline Bancorp, Inc.",WEB,10,98
Delaware Enhanced Global Dividend,WEB,6,39
Capstead Mortgage Corporation,WEB,2,15
Nuveen Municipal 2021 Target Term Fund,WEB,2,15
AK Steel Holding Corporation,WEB,2,15
"Brown & Brown, Inc.",WEB,2,15
Azure Power Global Limited,WEB,4,30
"ImmunoGen, Inc.",WEB,3,19
MGE Energy Inc.,WEB,2,15
Huntsman Corporation,WEB,4,30
LMP Capital and Income Fund Inc.,WEB,2,7
NCR Corporation,WEB,7,44
Nuveen New York AMT-Free Quality Municipal,WEB,2,15
Graham Holdings Company,WEB,2,14
Superconductor Technologies Inc.,WEB,2,15
Newmont Goldcorp Corporation,WEB,4,24
Carolina Financial Corporation,WEB,10,100
Ares Commercial Real Estate Corporation,WEB,2,17
"Veoneer, Inc.",WEB,8,78
"Celldex Therapeutics, Inc.",WEB,3,19
John Bean Technologies Corporation,WEB,4,26
GOLDEN BULL LIMITED,WEB,8,70
"Trex Company, Inc.",WEB,4,26
CVD Equipment Corporation,WEB,4,29
"Aeglea BioTherapeutics, Inc.",WEB,3,22
"Tableau Software, Inc.",WEB,2,11
"Independent Bank Group, Inc",WEB,10,100
"Flagstar Bancorp, Inc.",WEB,2,15
Kimberly-Clark Corporation,WEB,9,95
"Hunt Companies Finance Trust, Inc.",WEB,2,17
Millicom International Cellular S.A.,WEB,1,2
SemiLEDS Corporation,WEB,4,30
WVS Financial Corp.,WEB,10,100
"Bar Harbor Bankshares, Inc.",WEB,8,51
ITT Inc.,WEB,4,29
"Oppenheimer Holdings, Inc.",WEB,9,93
"Roadrunner Transportation Systems, Inc.",WEB,4,31
NVIDIA Corporation,WEB,8,50
Invesco Pennsylvania Value Municipal Income Trust,WEB,2,6
"Leidos Holdings, Inc.",WEB,3,19
Americold Realty Trust,WEB,8,60
Trillium Therapeutics Inc.,WEB,3,19
"FVCBankcorp, Inc.",WEB,2,15
"NV5 Global, Inc.",WEB,4,29
Berry Petroleum Corporation,WEB,2,7
Organogenesis Holdings Inc. ,WEB,1,2
Camden National Corporation,WEB,10,100
"Superior Group of Companies, Inc.",WEB,2,11
Southwest Airlines Company,WEB,1,1
"Aspen Technology, Inc.",WEB,4,26
"Resideo Technologies, Inc.",WEB,4,29
Travelzoo,WEB,4,25
"OptimumBank Holdings, Inc.",WEB,2,15
Mistras Group Inc,WEB,4,27
"Western Midstream Partners, LP",WEB,6,39
Blink Charging Co.,WEB,4,26
"First Bancorp, Inc (ME)",WEB,1,2
Ethan Allen Interiors Inc.,WEB,1,5
Bandwidth Inc.,WEB,1,1
First Foundation Inc.,WEB,2,17
"Tandy Leather Factory, Inc.",WEB,2,15
Otelco Inc.,WEB,2,17
GlaxoSmithKline PLC,WEB,5,36
Taseko Mines Limited,WEB,2,7
"Schneider National, Inc.",WEB,4,31
FB Financial Corporation,WEB,10,100
Seritage Growth Properties,WEB,2,7
Pool Corporation,WEB,4,26
JMP Group LLC,WEB,6,41
"Flowers Foods, Inc.",WEB,2,15
"Renewable Energy Group, Inc.",WEB,1,2
"Sonic Automotive, Inc.",WEB,1,5
"Fitbit, Inc.",WEB,1,5
Luxfer Holdings PLC,WEB,5,33
"Worthington Industries, Inc.",WEB,3,21
"AVROBIO, Inc.",WEB,3,20
"Citrix Systems, Inc.",WEB,2,15
"Cardlytics, Inc.",WEB,2,12
"SuperCom, Ltd.",WEB,2,15
Nuveen Connecticut Quality Municipal Income Fund,WEB,2,15
"Summer Infant, Inc.",WEB,1,2
"Werner Enterprises, Inc.",WEB,4,30
Tonix Pharmaceuticals Holding Corp.,WEB,3,19
CounterPath Corporation,WEB,9,94
Cato Corporation (The),WEB,8,89
"Sarepta Therapeutics, Inc.",WEB,3,20
"Advanced Drainage Systems, Inc.",WEB,4,27
"Bridgeline Digital, Inc.",WEB,1,3
Coastal Financial Corporation,WEB,9,92
Riverview Financial Corporation,WEB,10,100
Citigroup Inc.,WEB,7,47
MFS Government Markets Income Trust,WEB,2,14
"Amkor Technology, Inc.",WEB,2,17
Marathon Petroleum Corporation,WEB,6,40
Braemar Hotels & Resorts Inc.,WEB,8,63
"Covetrus, Inc.",WEB,2,14
"Xeris Pharmaceuticals, Inc.",WEB,3,19
Valero Energy Corporation,WEB,8,85
Spire Inc.,WEB,4,23
CURO Group Holdings Corp.,WEB,10,100
Novagold Resources Inc.,WEB,6,39
"Acorda Therapeutics, Inc.",WEB,3,19
Frontline Ltd.,WEB,4,30
"Apollo Medical Holdings, Inc.",WEB,8,72
"AstroNova, Inc.",WEB,4,31
Cohen & Steers Inc,WEB,6,39
WEX Inc.,WEB,2,12
"New Relic, Inc.",WEB,2,15
"Commvault Systems, Inc.",WEB,2,15
"Delaware Investments Dividend & Income Fund, Inc.",WEB,6,39
"AtriCure, Inc.",WEB,2,15
Nuveen Floating Rate Income Opportuntiy Fund,WEB,2,11
Nuveen Mortgage Opportunity Term Fund,WEB,2,15
"Rigel Pharmaceuticals, Inc.",WEB,3,19
Deckers Outdoor Corporation,WEB,5,33
"ICF International, Inc.",WEB,2,13
Coty Inc.,WEB,5,33
Bank of America Corporation,WEB,1,2
"Autoliv, Inc.",WEB,1,2
"Safety Insurance Group, Inc.",WEB,10,97
CSP Inc.,WEB,2,17
Saratoga Investment Corp,WEB,2,15
"Churchill Downs, Incorporated",WEB,9,93
Nuveen S&P 500 Buy-Write Income Fund,WEB,2,15
"Schweitzer-Mauduit International, Inc.",WEB,4,30
CBRE Clarion Global Real Estate Income Fund,WEB,2,16
BP p.l.c.,WEB,4,24
nVent Electric plc,WEB,5,34
"Fidelity National Information Services, Inc.",WEB,9,94
MicroStrategy Incorporated,WEB,2,12
"DexCom, Inc.",WEB,3,20
"Bridge Bancorp, Inc.",WEB,2,15
First Busey Corporation,WEB,6,41
"PRA Group, Inc.",WEB,1,1
Omnicom Group Inc.,WEB,2,11
Ur Energy Inc,WEB,2,7
Diodes Incorporated,WEB,4,29
"Chanticleer Holdings, Inc.",WEB,2,7
Genetic Technologies Ltd,WEB,3,22
"Eventbrite, Inc.",WEB,3,19
Nuveen AMT-Free Municipal Credit Income Fund,WEB,2,11
Hormel Foods Corporation,WEB,2,15
Nomad Foods Limited,WEB,4,24
Ares Capital Corporation,WEB,2,17
"Southern Missouri Bancorp, Inc.",WEB,1,2
World Fuel Services Corporation,WEB,4,24
Graham Corporation,WEB,4,26
"FTI Consulting, Inc.",WEB,2,16
"Summit Materials, Inc.",WEB,2,7
"A10 Networks, Inc.",WEB,2,15
"PB Bancorp, Inc.",WEB,10,100
"Fresh Del Monte Produce, Inc.",WEB,2,15
SolarWinds Corporation,WEB,2,17
Houston Wire & Cable Company,WEB,4,26
Western Asset Global Corporate Defined Opportunity Fund Inc.,WEB,2,7
"AngioDynamics, Inc.",WEB,3,21
MSG Networks Inc.,WEB,1,2
"Tapestry, Inc.",WEB,2,15
"Papa Murphy&#39;s Holdings, Inc.",WEB,1,5
"Stage Stores, Inc.",WEB,5,37
Dollar General Corporation,WEB,1,5
Kirkland Lake Gold Ltd.,WEB,2,7
"AgeX Therapeutics, Inc.",WEB,2,15
"Armstrong Flooring, Inc.",WEB,4,26
"Columbia Banking System, Inc.",WEB,9,93
Orion Engineered Carbons S.A,WEB,1,1
8x8 Inc,WEB,1,5
"Paramount Group, Inc.",WEB,2,15
First Financial Bancorp.,WEB,9,93
"Douglas Emmett, Inc.",WEB,2,7
GreenTree Hospitality Group Ltd.,WEB,1,2
"Dermira, Inc.",WEB,3,22
"Restoration Robotics, Inc.",WEB,3,19
"Champions Oncology, Inc.",WEB,3,19
"Cedar Realty Trust, Inc.",WEB,2,7
Erie Indemnity Company,WEB,2,15
"MongoDB, Inc.",WEB,6,38
HL Acquisitions Corp.,WEB,5,35
Brixmor Property Group Inc.,WEB,8,53
Stepan Company,WEB,2,16
Neogen Corporation,WEB,1,2
"NN, Inc.",WEB,4,30
"Green Plains, Inc.",WEB,4,24
KKR Real Estate Finance Trust Inc.,WEB,2,11
"Rollins, Inc.",WEB,6,38
"Source Capital, Inc.",WEB,6,40
"CohBar, Inc.",WEB,3,22
"Axon Enterprise, Inc.",WEB,2,7
Enerplus Corporation,WEB,7,43
"Acuity Brands, Inc. ",WEB,4,26
Israel Chemicals Shs,WEB,1,5
"Texas Capital Bancshares, Inc.",WEB,10,100
Atlassian Corporation Plc,WEB,1,2
Investors Real Estate Trust,WEB,2,15
"ICC Holdings, Inc.",WEB,2,14
Yelp Inc.,WEB,10,98
Oaktree Strategic Income Corporation,WEB,2,7
Eaton Vance Risk-Managed Diversified Equity Income Fund,WEB,2,6
"B&G Foods, Inc.",WEB,1,2
Hydrogenics Corporation,WEB,4,30
"Commercial Vehicle Group, Inc.",WEB,4,28
RBC Bearings Incorporated,WEB,2,15
"Tetraphase Pharmaceuticals, Inc.",WEB,3,19
Pintec Technology Holdings Limited,WEB,8,64
Safe-T Group Ltd.,WEB,2,15
New Senior Investment Group Inc.,WEB,2,8
"Watts Water Technologies, Inc.",WEB,4,26
Canopy Growth Corporation,WEB,3,18
Verrica Pharmaceuticals Inc.,WEB,3,22
"Hudson Global, Inc.",WEB,2,16
Signature Bank,WEB,8,78
"BrightView Holdings, Inc.",WEB,2,15
"Guardion Health Sciences, Inc.",WEB,2,15
"Harte-Hanks, Inc.",WEB,4,31
Twilio Inc.,WEB,1,2
Xunlei Limited,WEB,1,2
"Asta Funding, Inc.",WEB,6,38
OceanFirst Financial Corp.,WEB,2,7
HOOKIPA Pharma Inc.,WEB,3,20
Apollo Commercial Real Estate Finance,WEB,2,7
Trilogy Metals Inc.,WEB,2,15
BayCom Corp,WEB,7,47
Teekay LNG Partners L.P.,WEB,4,24
Nuveen Taxable Municipal Income Fund,WEB,2,15
Carpenter Technology Corporation,WEB,4,26
"Thermon Group Holdings, Inc.",WEB,2,15
"Maui Land & Pineapple Company, Inc.",WEB,4,27
Genworth Financial Inc,WEB,9,95
Immersion Corporation,WEB,4,31
"Grupo Aeroportuario del Sureste, S.A. de C.V.",WEB,2,7
Masco Corporation,WEB,4,26
Nabors Industries Ltd.,WEB,8,84
CNH Industrial N.V.,WEB,5,36
"Community Bank System, Inc.",WEB,2,15
"Amber Road, Inc.",WEB,4,30
"Voyager Therapeutics, Inc.",WEB,2,7
Nuveen NASDAQ 100 Dynamic Overwrite Fund,WEB,2,11
Amira Nature Foods Ltd,WEB,4,26
"Conifer Holdings, Inc.",WEB,2,15
"Celsius Holdings, Inc.",WEB,4,30
"Carbon Black, Inc.",WEB,2,17
"Donaldson Company, Inc.",WEB,5,37
"Legg Mason, Inc.",WEB,2,7
Telefonica Brasil S.A.,WEB,1,2
Seadrill Limited,WEB,4,24
"Viveve Medical, Inc.",WEB,3,19
CVB Financial Corporation,WEB,10,100
"Huttig Building Products, Inc.",WEB,4,26
"HFF, Inc.",WEB,4,31
TransAlta Corporation,WEB,4,24
"Helix Energy Solutions Group, Inc.",WEB,4,23
RELX PLC,WEB,2,13
Toro Company (The),WEB,2,14
Pacific Premier Bancorp Inc,WEB,9,93
Fox Corporation,WEB,1,2
icad inc.,WEB,3,22
Huron Consulting Group Inc.,WEB,7,44
"Aratana Therapeutics, Inc.",WEB,3,18
Transdigm Group Incorporated,WEB,4,30
"Exelixis, Inc.",WEB,3,19
"GigCapital, Inc.",WEB,1,5
Eli Lilly and Company,WEB,3,19
"TG Therapeutics, Inc.",WEB,3,19
Enersys,WEB,4,30
W.R. Grace & Co.,WEB,3,19
"WEC Energy Group, Inc.",WEB,4,24
Western Asset Investment Grade Defined Opportunity Trust Inc.,WEB,2,7
McDonald&#39;s Corporation,WEB,1,2
Invesco Quality Municipal Income Trust,WEB,2,6
Eaton vance Floating-Rate Income Plus Fund,WEB,2,6
United Microelectronics Corporation,WEB,4,31
Cinemark Holdings Inc,WEB,2,14
Legacy Acquisition Corp.,WEB,6,39
Green Plains Partners LP,WEB,4,24
Apple Inc.,WEB,8,48
Nuveen Missouri Quality Municipal Income Fund,WEB,2,11
"United-Guardian, Inc.",WEB,1,4
Hilton Worldwide Holdings Inc.,WEB,1,3
Lindsay Corporation,WEB,5,35
MGIC Investment Corporation,WEB,2,14
OHA Investment Corporation,WEB,2,14
"Insight Enterprises, Inc.",WEB,2,13
DowDuPont Inc.,WEB,7,44
"Concrete Pumping Holdings, Inc. ",WEB,4,29
Patriot National Bancorp Inc.,WEB,10,98
REGENXBIO Inc.,WEB,3,20
Materialise NV,WEB,2,17
"Alico, Inc.",WEB,4,24
Nuveen Select Tax Free Income Portfolio,WEB,2,15
Natural Resource Partners LP,WEB,2,11
"Sierra Oncology, Inc.",WEB,3,19
Primoris Services Corporation,WEB,2,15
"Marrone Bio Innovations, Inc.",WEB,4,29
Aercap Holdings N.V.,WEB,4,30
Jewett-Cameron Trading Company,WEB,1,1
Good Times Restaurants Inc.,WEB,1,1
Baozun Inc.,WEB,2,12
ClearBridge Energy Midstream Opportunity Fund Inc.,WEB,2,7
Ark Restaurants Corp.,WEB,2,15
"Power Integrations, Inc.",WEB,4,29
"Sandy Spring Bancorp, Inc.",WEB,10,100
"Codorus Valley Bancorp, Inc",WEB,9,92
"Aemetis, Inc",WEB,4,24
Synnex Corporation,WEB,2,7
Harsco Corporation,WEB,4,24
Alcoa Corporation,WEB,4,24
KB Home,WEB,2,15
"Strata Skin Sciences, Inc.",WEB,3,19
Union Pacific Corporation,WEB,2,7
"Calix, Inc",WEB,8,91
"Famous Dave&#39;s of America, Inc.",WEB,1,5
"Elevate Credit, Inc.",WEB,10,99
"FARO Technologies, Inc.",WEB,4,29
Discover Financial Services,WEB,2,7
"M/I Homes, Inc.",WEB,8,52
Conduent Incorporated,WEB,2,12
Lannett Co Inc,WEB,3,19
Westamerica Bancorporation,WEB,10,98
"VIVUS, Inc.",WEB,3,19
Camden Property Trust,WEB,1,2
Koninklijke Philips N.V.,WEB,3,19
"China Natural Resources, Inc.",WEB,2,8
Horizon Therapeutics Public Limited Company,WEB,3,19
M B T Financial Corp,WEB,9,92
"BCB Bancorp, Inc. (NJ)",WEB,9,93
Laboratory Corporation of America Holdings,WEB,2,15
Janus Henderson Group plc,WEB,7,44
GMS Inc.,WEB,4,26
MIND C.T.I. Ltd.,WEB,4,31
Cincinnati Bell Inc,WEB,2,14
Ecolab Inc.,WEB,2,14
TiVo Corporation,WEB,4,30
"Gartner, Inc.",WEB,2,13
Abbott Laboratories,WEB,9,95
"Templeton Dragon Fund, Inc.",WEB,6,42
"KAR Auction Services, Inc",WEB,10,97
"Pluralsight, Inc.",WEB,9,94
Unifirst Corporation,WEB,2,14
PAR Technology Corporation,WEB,2,15
"MarineMax, Inc.",WEB,2,7
"First Solar, Inc.",WEB,8,48
Westpac Banking Corporation,WEB,9,92
"Nasdaq, Inc.",WEB,4,25
Fonar Corporation,WEB,2,9
"Nautilus Group, Inc. (The)",WEB,9,95
Amedisys Inc,WEB,9,95
"Aevi Genomic Medicine, Inc.",WEB,3,22
"Genprex, Inc.",WEB,3,21
"Citizens Financial Group, Inc.",WEB,1,2
"Reata Pharmaceuticals, Inc.",WEB,3,19
"Biolase, Inc.",WEB,4,30
Workiva Inc.,WEB,2,15
"ViewRay, Inc.",WEB,3,19
"Tenable Holdings, Inc.",WEB,8,65
Repligen Corporation,WEB,2,15
TORM plc,WEB,4,24
Macatawa Bank Corporation,WEB,10,98
"Ubiquiti Networks, Inc.",WEB,8,50
Toronto Dominion Bank (The),WEB,10,100
"Dine Brands Global, Inc.",WEB,2,7
Fifth Third Bancorp,WEB,10,100
Frank&#39;s International N.V.,WEB,4,23
Jones Lang LaSalle Incorporated,WEB,6,38
Western Asset Corporate Loan Fund Inc,WEB,2,7
Nuveen Short Duration Credit Opportunities Fund,WEB,2,11
"Ennis, Inc.",WEB,4,26
"Ringcentral, Inc.",WEB,2,13
Tata Motors Ltd,WEB,4,31
GCP Applied Technologies Inc.,WEB,3,19
"Broadridge Financial Solutions, Inc.",WEB,7,45
"Fauquier Bankshares, Inc.",WEB,10,100
Unilever PLC,WEB,1,5
"Tortoise Energy Independence Fund, Inc.",WEB,8,54
General Electric Company,WEB,1,2
Nuveen Senior Income Fund,WEB,2,15
"Soliton, Inc.",WEB,2,15
"RigNet, Inc.",WEB,2,13
"United Bankshares, Inc.",WEB,8,83
Galapagos NV,WEB,3,19
"Cohen & Steers Infrastructure Fund, Inc",WEB,6,39
"Hawaiian Holdings, Inc.",WEB,1,2
"Aaron&#39;s,  Inc.",WEB,1,2
SPX Corporation,WEB,4,29
AeroCentury Corp.,WEB,10,100
Granite Construction Incorporated,WEB,4,28
"Neos Therapeutics, Inc.",WEB,3,19
AMN Healthcare Services Inc,WEB,2,17
Unum Therapeutics Inc.,WEB,3,19
Molina Healthcare Inc,WEB,2,15
"Paychex, Inc.",WEB,2,15
The Cheesecake Factory Incorporated,WEB,2,15
"Dolphin Entertainment, Inc.",WEB,2,15
Energy Transfer L.P.,WEB,4,24
Integer Holdings Corporation,WEB,1,1
Entergy Corporation,WEB,4,24
Spirit MTA REIT,WEB,8,49
"Heritage Insurance Holdings, Inc.",WEB,10,96
Principal Financial Group Inc,WEB,7,46
"Xenia Hotels & Resorts, Inc.",WEB,4,31
Open Text Corporation,WEB,2,15
Wabco Holdings Inc.,WEB,4,26
Umpqua Holdings Corporation,WEB,10,98
Nuveen Energy MLP Total Return Fund,WEB,2,15
"Calavo Growers, Inc.",WEB,8,79
NIC Inc.,WEB,10,100
"Wellesley Bancorp, Inc.",WEB,10,96
Neonode Inc.,WEB,4,29
China Yuchai International Limited,WEB,2,15
Liberty Property Trust,WEB,7,44
High Income Securities Fund,WEB,2,6
Turkcell Iletisim Hizmetleri AS,WEB,1,2
"CryoLife, Inc.",WEB,2,15
"LightInTheBox Holding Co., Ltd.",WEB,1,5
"Diplomat Pharmacy, Inc.",WEB,4,26
"WesBanco, Inc.",WEB,2,17
"Cloudera, Inc.",WEB,2,15
Philip Morris International Inc,WEB,7,45
Amerco,WEB,2,15
"NI Holdings, Inc.",WEB,2,15
"BWX Technologies, Inc.",WEB,4,31
Invacare Corporation,WEB,3,18
Kadant Inc,WEB,4,31
Murphy USA Inc.,WEB,3,18
CM Finance Inc,WEB,6,38
"TrovaGene, Inc.",WEB,3,19
UMB Financial Corporation,WEB,10,100
Pattern Energy Group Inc.,WEB,3,18
"T2 Biosystems, Inc.",WEB,2,15
"Goldman Sachs Group, Inc. (The)",WEB,6,41
"Axonics Modulation Technologies, Inc.",WEB,3,19
Invesco Municipal Opportunity Trust,WEB,2,6
American Equity Investment Life Holding Company,WEB,2,8
Ryanair Holdings plc,WEB,1,3
"The Rubicon Project, Inc.",WEB,5,37
"Tetra Technologies, Inc.",WEB,4,27
Fresenius Medical Care Corporation,WEB,1,2
Nuveen Insured New York Select Tax-Free Income Portfolio,WEB,2,15
Snap Inc.,WEB,1,5
Cabot Oil & Gas Corporation,WEB,3,18
"Palo Alto Networks, Inc.",WEB,2,15
VICI Properties Inc.,WEB,1,2
Nuveen Real Estate Fund,WEB,2,15
"AIT Therapeutics, Inc.",WEB,8,91
Capital Senior Living Corporation,WEB,2,15
Venator Materials PLC,WEB,4,30
"Connecticut Water Service, Inc.",WEB,8,52
Nuveen Arizona Quality Municipal Income Fund,WEB,2,15
Wells Fargo & Company,WEB,10,100
Regions Financial Corporation,WEB,10,100
"Clearfield, Inc.",WEB,6,40
ResMed Inc.,WEB,1,5
Corning Incorporated,WEB,4,26
The Carlyle Group L.P.,WEB,2,8
"Sunworks, Inc.",WEB,4,29
IPG Photonics Corporation,WEB,3,19
Movado Group Inc.,WEB,8,56
"MobileIron, Inc.",WEB,4,25
"Essex Property Trust, Inc.",WEB,1,5
"1-800 FLOWERS.COM, Inc.",WEB,10,99
"Ferrellgas Partners, L.P.",WEB,2,14
"EnLink Midstream, LLC",WEB,6,39
XAI Octagon Floating Rate & Alternative Income Term Trust,WEB,7,47
UnitedHealth Group Incorporated,WEB,3,19
Plexus Corp.,WEB,2,15
CubeSmart,WEB,1,5
Nuveen California AMT-Free Quality Municipal Income Fund,WEB,2,15
Andeavor Logistics LP,WEB,2,7
Ducommun Incorporated,WEB,4,29
Oracle Corporation,WEB,2,12
"Perma-Pipe International Holdings, Inc.",WEB,8,68
"CAI International, Inc.",WEB,4,30
Walt Disney Company (The),WEB,2,14
Heico Corporation,WEB,4,26
"Celestica, Inc.",WEB,2,9
BK Technologies Corporation,WEB,4,24
"Greene County Bancorp, Inc.",WEB,10,99
"Universal Stainless & Alloy Products, Inc.",WEB,4,26
Uranium Energy Corp.,WEB,4,24
Invesco High Income 2023 Target Term Fund,WEB,2,6
Geospace Technologies Corporation,WEB,4,23
KeyCorp,WEB,10,98
V.F. Corporation,WEB,2,15
Invesco Bond Fund,WEB,2,6
"Flexsteel Industries, Inc.",WEB,1,5
Nuveen Dow 30SM Dynamic Overwrite Fund,WEB,2,15
"Zscaler, Inc.",WEB,2,15
Trinity Biotech plc,WEB,3,19
Ralph Lauren Corporation,WEB,8,51
Invesco Credit Opportunities Fund,WEB,2,6
Virco Manufacturing Corporation,WEB,4,26
"Medpace Holdings, Inc.",WEB,3,22
"CoreCivic, Inc.",WEB,2,16
Generac Holdlings Inc.,WEB,4,26
"Concert Pharmaceuticals, Inc.",WEB,3,22
US Foods Holding Corp.,WEB,4,26
AMC Networks Inc.,WEB,1,2
South State Corporation,WEB,2,15
"Adamas Pharmaceuticals, Inc.",WEB,3,19
"Cardinal Health, Inc.",WEB,3,19
Focus Financial Partners Inc.,WEB,2,14
Zix Corporation,WEB,2,13
"Alphatec Holdings, Inc.",WEB,2,15
Western Asset Emerging Markets Debt Fund Inc,WEB,2,7
Arbutus Biopharma Corporation,WEB,8,79
Retail Opportunity Investments Corp.,WEB,8,86
Covia Holdings Corporation,WEB,4,31
"Molecular Templates, Inc.",WEB,3,22
Voya Emerging Markets High Income Dividend Equity Fund,WEB,6,39
"Axcelis Technologies, Inc.",WEB,1,2
"Omnicell, Inc.",WEB,4,29
First Bancorp,WEB,10,98
Deluxe Corporation,WEB,2,14
"Cohen & Steers Total Return Realty Fund, Inc.",WEB,6,39
Chesapeake Energy Corporation,WEB,4,24
Nuveen All Cap Energy MLP Opportunities Fund,WEB,2,15
BioSpecifics Technologies Corp,WEB,2,7
"Rush Enterprises, Inc.",WEB,8,64
Western Copper and Gold Corporation,WEB,2,8
"ConforMIS, Inc.",WEB,2,9
Banco Santander Chile,WEB,1,2
MiX Telematics Limited,WEB,2,17
VSE Corporation,WEB,4,24
"Heat Biologics, Inc.",WEB,3,18
DAVIDsTEA Inc.,WEB,2,15
Vertex Pharmaceuticals Incorporated,WEB,3,19
"Tandem Diabetes Care, Inc.",WEB,4,25
Meridian Corporation,WEB,9,93
Albemarle Corporation,WEB,4,30
"Tilly&#39;s, Inc.",WEB,1,2
"The Bancorp, Inc.",WEB,9,94
"Investors Bancorp, Inc.",WEB,2,15
"Bain Capital Specialty Finance, Inc.",WEB,6,38
"Fortinet, Inc.",WEB,2,13
Symantec Corporation,WEB,2,12
Axcella Health Inc.,WEB,2,15
Sandstorm Gold Ltd,WEB,6,40
"Diamond Offshore Drilling, Inc.",WEB,4,24
Shaw Communications Inc.,WEB,1,5
"CenterPoint Energy, Inc.",WEB,8,67
"Luby&#39;s, Inc.",WEB,1,2
Internet Gold Golden Lines Ltd.,WEB,6,38
"TRI Pointe Group, Inc.",WEB,8,74
"Intersect ENT, Inc.",WEB,2,15
Travelport Worldwide Limited,WEB,4,29
Ultrapar Participacoes S.A.,WEB,1,2
Eaton Vance Corporation,WEB,2,6
Perion Network Ltd,WEB,2,15
"PagerDuty, Inc.",WEB,4,25
"HD Supply Holdings, Inc.",WEB,2,17
Jack In The Box Inc.,WEB,8,82
"Matson, Inc.",WEB,4,24
Americas Silver Corporation,WEB,1,2
TravelCenters of America LLC,WEB,8,48
"Calumet Specialty Products Partners, L.P.",WEB,4,26
"Riot Blockchain, Inc",WEB,2,11
Valley National Bancorp,WEB,2,7
"The Meet Group, Inc.",WEB,2,15
"Gardner Denver Holdings, Inc.",WEB,4,24
"iRhythm Technologies, Inc.",WEB,3,19
"SCYNEXIS, Inc.",WEB,3,19
"German American Bancorp, Inc.",WEB,10,100
Colgate-Palmolive Company,WEB,2,17
R1 RCM Inc.,WEB,2,15
Nuveen Credit Strategies Income Fund,WEB,2,15
"Estee Lauder Companies, Inc. (The)",WEB,4,26
"CorEnergy Infrastructure Trust, Inc.",WEB,5,35
"Cyclacel Pharmaceuticals, Inc.",WEB,3,22
"Kforce, Inc.",WEB,7,44
"Coherus BioSciences, Inc.",WEB,8,64
American Campus Communities Inc,WEB,7,43
"Alta Mesa Resources, Inc.",WEB,4,24
SAP SE,WEB,2,13
"UFP Technologies, Inc.",WEB,4,26
PDL Community Bancorp,WEB,10,99
Tennant Company,WEB,2,15
United Security Bancshares,WEB,2,15
"ICU Medical, Inc.",WEB,3,19
Gold Fields Limited,WEB,4,30
"Onconova Therapeutics, Inc.",WEB,8,83
Nuveenn Intermediate Duration Quality Municipal Term Fund,WEB,2,15
Immutep Limited,WEB,3,18
Virtusa Corporation,WEB,5,32
"Madrigal Pharmaceuticals, Inc.",WEB,3,22
AbbVie Inc.,WEB,3,19
"Cactus, Inc.",WEB,4,26
MFS Municipal Income Trust,WEB,2,14
"Century Bancorp, Inc.",WEB,10,98
"Genius Brands International, Inc.",WEB,7,43
Quanterix Corporation,WEB,2,7
ClearBridge MLP and Midstream Fund Inc.,WEB,2,7
"Equinix, Inc.",WEB,8,50
"HomeTrust Bancshares, Inc.",WEB,7,47
Pan American Silver Corp.,WEB,2,7
Sina Corporation,WEB,8,67
Seadrill Partners LLC,WEB,2,15
"Cavco Industries, Inc.",WEB,1,2
"Pacific Ethanol, Inc.",WEB,2,7
"Eaton Corporation, PLC",WEB,4,29
First American Corporation (The),WEB,6,41
Terex Corporation,WEB,8,69
"HCA Healthcare, Inc.",WEB,3,19
"Moderna, Inc.",WEB,3,20
Exterran Corporation,WEB,3,18
MSA Safety Incorporporated,WEB,4,30
Texas Instruments Incorporated,WEB,4,27
"Astec Industries, Inc.",WEB,4,23
Univest Financial Corporation,WEB,10,100
Nuveen Global High Income Fund,WEB,2,15
"Avanos Medical, Inc.",WEB,3,22
"ConnectOne Bancorp, Inc.",WEB,1,1
Apartment Investment and Management Company,WEB,2,15
Veeva Systems Inc.,WEB,2,15
Ability Inc.,WEB,8,54
Severn Bancorp Inc,WEB,2,12
"Northern Oil and Gas, Inc.",WEB,4,24
"Inspire Medical Systems, Inc.",WEB,3,19
"NRG Energy, Inc.",WEB,2,11
"Dreyfus Strategic Municipals, Inc.",WEB,2,15
"CB Financial Services, Inc.",WEB,2,15
Intelsat S.A.,WEB,8,52
Itamar Medical Ltd.,WEB,3,19
"Switch, Inc.",WEB,2,13
Prospect Capital Corporation,WEB,6,41
Callon Petroleum Company,WEB,4,24
"BioCryst Pharmaceuticals, Inc.",WEB,3,19
"Fidelity D & D Bancorp, Inc.",WEB,2,7
ProQR Therapeutics N.V.,WEB,3,22
Simmons First National Corporation,WEB,10,98
"Just Energy Group, Inc.",WEB,2,14
LyondellBasell Industries NV,WEB,2,15
U.S. Energy Corp.,WEB,2,15
Xylem Inc.,WEB,4,29
"TC PipeLines, LP",WEB,2,15
"Sienna Biopharmaceuticals, Inc.",WEB,1,2
"Spark Energy, Inc.",WEB,4,23
"AmeriGas Partners, L.P.",WEB,1,2
Highpower International Inc,WEB,5,34
"Alpine Immune Sciences, Inc.",WEB,2,7
"Rapid7, Inc.",WEB,2,15
"Curis, Inc.",WEB,3,22
"Silicon Laboratories, Inc.",WEB,2,15
The Lovesac Company,WEB,1,2
Cadence Bancorporation,WEB,10,99
Nicolet Bankshares Inc.,WEB,2,11
"Sinclair Broadcast Group, Inc.",WEB,4,24
"Bankwell Financial Group, Inc.",WEB,2,15
"Surgery Partners, Inc.",WEB,4,29
"Gap, Inc. (The)",WEB,4,30
"Freshpet, Inc.",WEB,3,18
GATX Corporation,WEB,2,7
AT&T Inc.,WEB,4,25
"Esperion Therapeutics, Inc.",WEB,3,18
"Allscripts Healthcare Solutions, Inc.",WEB,9,95
"Proofpoint, Inc.",WEB,2,12
Jazz Pharmaceuticals plc,WEB,3,19
Hornbeck Offshore Services,WEB,4,24
Independent Bank Corp.,WEB,1,2
CyberOptics Corporation,WEB,2,15
CorePoint Lodging Inc.,WEB,2,15
John Hancock Tax-Advantaged Global Shareholder Yield Fund,WEB,7,45
"AzurRx BioPharma, Inc.",WEB,3,19
Gol Linhas Aereas Inteligentes S.A.,WEB,2,7
"MuniYield Arizona Fund, Inc.",WEB,7,45
Cision Ltd.,WEB,9,95
James Hardie Industries plc.,WEB,4,31
Enlivex Therapeutics Ltd.,WEB,3,19
YY Inc.,WEB,8,75
"Insperity, Inc.",WEB,2,15
"Western Asset Municipal High Income Fund, Inc.",WEB,2,7
The Madison Square Garden Company,WEB,4,30
"SIFCO Industries, Inc.",WEB,2,15
Air Industries Group,WEB,1,2
Fair Isaac Corporation,WEB,1,5
Templeton Emerging Markets Fund,WEB,6,42
"Simulations Plus, Inc.",WEB,2,13
"The Hanover Insurance Group, Inc.",WEB,1,5
Graco Inc.,WEB,4,28
Centric Brands Inc.,WEB,4,31
"Dominion Energy, Inc.",WEB,4,23
"Leggett & Platt, Incorporated",WEB,4,28
Autolus Therapeutics plc,WEB,3,19
Vipshop Holdings Limited,WEB,8,72
Steel Partners Holdings LP,WEB,2,8
"Neurocrine Biosciences, Inc.",WEB,3,21
Atrion Corporation,WEB,1,1
Herbalife Nutrition Ltd.,WEB,2,13
Broadcom Inc.,WEB,4,29
Phillips 66,WEB,3,19
BancorpSouth Bank,WEB,10,98
"ServiceNow, Inc.",WEB,2,11
"ShockWave Medical, Inc.",WEB,2,15
John Hancock Preferred Income Fund,WEB,7,45
General Dynamics Corporation,WEB,2,16
Norwegian Cruise Line Holdings Ltd.,WEB,1,1
Magnolia Oil & Gas Corporation,WEB,4,24
InterXion Holding N.V.,WEB,2,17
Progress Software Corporation,WEB,1,2
Tiffany & Co.,WEB,2,15
Raytheon Company,WEB,4,30
"United Community Banks, Inc.",WEB,2,17
"John B. Sanfilippo & Son, Inc.",WEB,4,27
"J.B. Hunt Transport Services, Inc.",WEB,1,1
"Arlo Technologies, Inc.",WEB,8,51
"Domo, Inc.",WEB,2,12
Synalloy Corporation,WEB,2,15
Jabil Inc.,WEB,4,29
First Merchants Corporation,WEB,10,100
Howard Hughes Corporation (The),WEB,2,8
Encana Corporation,WEB,4,24
Western Asset Mortgage Defined Opportunity Fund Inc,WEB,2,7
Costamare Inc.,WEB,8,59
"Immunomedics, Inc.",WEB,3,22
"Intuitive Surgical, Inc.",WEB,3,19
ASA Gold and Precious Metals Limited,WEB,2,9
"Financial Institutions, Inc.",WEB,1,2
"Floor & Decor Holdings, Inc.",WEB,1,5
"Spirit of Texas Bancshares, Inc.",WEB,10,100
AMCON Distributing Company,WEB,1,4
"ServisFirst Bancshares, Inc.",WEB,2,15
"Bank of the James Financial Group, Inc.",WEB,9,93
"Ooma, Inc.",WEB,1,5
New Home Company Inc. (The),WEB,3,19
Sotherly Hotels Inc.,WEB,1,2
The Descartes Systems Group Inc.,WEB,2,16
Nuveen Select Tax Free Income Portfolio III,WEB,2,11
Annaly Capital Management Inc,WEB,6,39
"Juniper Networks, Inc.",WEB,2,15
"Professional Diversity Network, Inc.",WEB,2,15
"Lydall, Inc.",WEB,4,30
"USA Compression Partners, LP",WEB,1,5
Digi International Inc.,WEB,1,1
Five Star Senior Living Inc.,WEB,8,48
Tiberius Acquisition Corporation,WEB,10,96
Xerox Corporation,WEB,2,13
"Natera, Inc.",WEB,2,15
"SailPoint Technologies Holdings, Inc.",WEB,2,17
Sensata Technologies Holding plc,WEB,2,11
Container Store (The),WEB,8,51
"Marsh & McLennan Companies, Inc.",WEB,6,38
Eversource Energy,WEB,8,56
"MYR Group, Inc.",WEB,8,51
"Beacon Roofing Supply, Inc.",WEB,2,9
Eaton Vance Tax Advantaged Dividend Income Fund,WEB,2,6
Performance Food Group Company,WEB,1,2
Asbury Automotive Group Inc,WEB,1,5
McKesson Corporation,WEB,1,4
Eaton Vance Enhance Equity Income Fund,WEB,2,6
Bank of South Carolina Corp.,WEB,10,98
"Western Asset Managed Municipals Fund, Inc.",WEB,2,7
"Home Bancorp, Inc.",WEB,9,92
3D Systems Corporation,WEB,2,17
"MACOM Technology Solutions Holdings, Inc.",WEB,3,19
Titan Machinery Inc.,WEB,2,15
"Ballard Power Systems, Inc.",WEB,5,33
Majesco,WEB,1,1
"Digital Ally, Inc.",WEB,8,68
"Equity Lifestyle Properties, Inc.",WEB,8,53
"GTT Communications, Inc.",WEB,2,15
"Ottawa Bancorp, Inc.",WEB,8,78
"Monro, Inc. ",WEB,4,24
"Enphase Energy, Inc.",WEB,8,50
Guggenheim Taxable Municipal Managed Duration Trst,WEB,2,6
Lear Corporation,WEB,4,30
Wipro Limited,WEB,6,38
"Morningstar, Inc.",WEB,7,43
"ATN International, Inc.",WEB,5,35
Colonial Investment Grade Municipal Trust,WEB,2,14
Chevron Corporation,WEB,5,35
"Raven Industries, Inc.",WEB,3,19
Edison International,WEB,4,26
Petroleo Brasileiro S.A.- Petrobras,WEB,1,5
"Henry Schein, Inc.",WEB,1,4
"RadNet, Inc.",WEB,2,17
Hill-Rom Holdings Inc,WEB,3,18
"AquaBounty Technologies, Inc.",WEB,2,15
"Herman Miller, Inc.",WEB,2,15
Glatfelter,WEB,4,26
SVB Financial Group,WEB,9,92
Tradeweb Markets Inc.,WEB,6,39
"Brinker International, Inc.",WEB,2,14
"Shiloh Industries, Inc.",WEB,5,37
Main Street Capital Corporation,WEB,2,15
Brainstorm Cell Therapeutics Inc.,WEB,3,22
Loma Negra Compania Industrial Argentina Sociedad Anonima,WEB,2,7
"Transcat, Inc.",WEB,4,28
"Greenbrier Companies, Inc. (The)",WEB,2,17
AGCO Corporation,WEB,4,29
StoneCo Ltd.,WEB,2,15
"CommScope Holding Company, Inc.",WEB,7,44
"ServiceSource International, Inc.",WEB,2,11
"Regional Health Properties, Inc.",WEB,2,14
Tompkins Financial Corporation,WEB,6,38
Western Asset Global High Income Fund Inc,WEB,2,7
"Ambarella, Inc.",WEB,4,26
"United Rentals, Inc.",WEB,4,25
Invesco Municipal Income Opportunities Trust,WEB,2,6
"Cable One, Inc.",WEB,1,5
Farmer Brothers Company,WEB,4,24
CNX Midstream Partners LP,WEB,8,88
"Origin Bancorp, Inc.",WEB,10,98
Encompass Health Corporation,WEB,1,5
GasLog LP.,WEB,7,43
XTL Biopharmaceuticals Ltd.,WEB,3,22
Kaman Corporation,WEB,2,15
Urovant Sciences Ltd.,WEB,8,73
Lockheed Martin Corporation,WEB,2,15
Nuveen Credit Opportunities 2022 Target Term Fund,WEB,2,15
Ultra Petroleum Corp.,WEB,2,14
"Dicerna Pharmaceuticals, Inc.",WEB,3,19
National Instruments Corporation,WEB,4,29
The Simply Good Foods Company,WEB,2,14
The Joint Corp.,WEB,4,26
"Canon, Inc.",WEB,8,56
Voya Natural Resources Equity Income Fund,WEB,6,39
Sony Corp Ord,WEB,2,7
"RE/MAX Holdings, Inc.",WEB,9,92
"Old Line Bancshares, Inc.",WEB,10,98
"SiNtx Technologies, Inc.",WEB,1,1
"Net Element, Inc.",WEB,2,16
Macquarie Infrastructure Corporation ,WEB,6,38
Charles & Colvard Ltd.,WEB,4,25
"Rocky Mountain Chocolate Factory, Inc.",WEB,2,12
"Manhattan Bridge Capital, Inc",WEB,6,41
Zoetis Inc.,WEB,3,22
CPB Inc.,WEB,6,41
Invesco Plc,WEB,2,6
United States Cellular Corporation,WEB,2,15
"Vermillion, Inc.",WEB,3,19
Great Lakes Dredge & Dock Corporation,WEB,2,15
CorVel Corp.,WEB,6,38
National Holdings Corporation,WEB,6,41
"LiveRamp Holdings, Inc.",WEB,2,13
Regalwood Global Energy Ltd.,WEB,2,8
"PGIM Global High Yield Fund, Inc.",WEB,7,47
"Infrastructure and Energy Alternatives, Inc.",WEB,4,24
Nuveen Insured California Select Tax-Free Income Portfolio,WEB,2,15
Bilibili Inc.,WEB,8,90
Harmonic Inc.,WEB,4,29
"AMTEK, Inc.",WEB,1,2
"Columbia Seligman Premium Technology Growth Fund, Inc",WEB,7,47
Exact Sciences Corporation,WEB,3,19
"S&T Bancorp, Inc.",WEB,2,14
"Workday, Inc.",WEB,2,13
Nuveen Municipal Credit Income Fund,WEB,2,15
Stamps.com Inc.,WEB,2,7
"AutoZone, Inc.",WEB,1,5
Zion Oil & Gas Inc,WEB,2,7
Canadian Pacific Railway Limited,WEB,2,15
"SharpSpring, Inc.",WEB,1,2
"Avnet, Inc.",WEB,5,34
Mesoblast Limited,WEB,3,20
"Quantenna Communications, Inc.",WEB,8,67
Elastic N.V.,WEB,8,62
Unilever NV,WEB,8,62
"Hallmark Financial Services, Inc.",WEB,2,15
Stantec Inc,WEB,5,37
Ashland Global Holdings Inc.,WEB,2,15
"SMART Global Holdings, Inc.",WEB,4,26
Varex Imaging Corporation,WEB,4,29
Criteo S.A.,WEB,1,5
"VeriSign, Inc.",WEB,2,15
"Impinj, Inc.",WEB,2,13
Danaher Corporation,WEB,3,19
Dell Technologies Inc.,WEB,2,13
"Adams Resources & Energy, Inc.",WEB,4,23
Ready Capital Corporation,WEB,9,93
"Rafael Holdings, Inc.",WEB,6,40
"Freeport-McMoran, Inc.",WEB,2,7
"Forward Industries, Inc.",WEB,4,30
"Lee Enterprises, Incorporated",WEB,8,56
"Copa Holdings, S.A.",WEB,2,14
Eaton Vance Tax-Managed Buy-Write Strategy Fund,WEB,2,6
Teradata Corporation,WEB,2,15
"Western Asset Municipal Partners Fund, Inc.",WEB,2,7
New Frontier Corporation,WEB,6,40
Strongbridge Biopharma plc,WEB,3,22
"SunTrust Banks, Inc.",WEB,10,100
"Telaria, Inc.",WEB,1,2
Adient plc,WEB,2,15
"SolarEdge Technologies, Inc.",WEB,8,48
"Syneos Health, Inc.",WEB,4,24
"Capital Bancorp, Inc.",WEB,9,92
Emerson Electric Company,WEB,4,25
Manchester United Ltd.,WEB,1,3
"Tengasco, Inc.",WEB,4,24
ABB Ltd,WEB,2,15
"NextGen Healthcare, Inc.",WEB,4,29
"Palomar Holdings, Inc.",WEB,10,97
"Franklin Financial Network, Inc.",WEB,10,98
New Fortress Energy LLC,WEB,6,42
Nuveen Select Tax Free Income Portfolio II,WEB,2,15
"Gilead Sciences, Inc.",WEB,3,19
Opera Limited,WEB,1,5
Garrett Motion Inc.,WEB,2,7
"First Savings Financial Group, Inc.",WEB,9,93
Global Eagle Entertainment Inc.,WEB,4,29
Scotts Miracle-Gro Company (The),WEB,4,28
At Home Group Inc.,WEB,8,52
"Alarm.com Holdings, Inc.",WEB,9,94
Northrop Grumman Corporation,WEB,2,13
Gogo Inc.,WEB,4,26
"Opko Health, Inc.",WEB,3,22
Alphabet Inc.,WEB,2,8
"Gaia, Inc.",WEB,2,7
"AgroFresh Solutions, Inc.",WEB,2,15
Iron Mountain Incorporated,WEB,2,17
Spotify Technology S.A.,WEB,1,5
Target Corporation,WEB,2,14
"Allison Transmission Holdings, Inc.",WEB,4,31
"Portola Pharmaceuticals, Inc.",WEB,3,19
"Clear Channel Outdoor Holdings, Inc.",WEB,2,15
HyreCar Inc.,WEB,10,96
Kenon Holdings Ltd.,WEB,3,19
"CRA International,Inc.",WEB,6,38
"Vectrus, Inc.",WEB,4,30
"Houlihan Lokey, Inc.",WEB,6,41
Tuesday Morning Corp.,WEB,1,5
"Argo Group International Holdings, Ltd.",WEB,10,96
Bright Horizons Family Solutions Inc.,WEB,2,15
"Fiserv, Inc.",WEB,10,100
"United States Lime & Minerals, Inc.",WEB,2,15
Birks Group Inc.,WEB,2,9
"H&R Block, Inc.",WEB,9,95
Hershey Company (The),WEB,8,55
"Evolent Health, Inc",WEB,3,19
"WideOpenWest, Inc.",WEB,1,5
"Pixelworks, Inc.",WEB,2,15
Kilroy Realty Corporation,WEB,2,17
Caesars Entertainment Corporation,WEB,1,2
"Polar Power, Inc.",WEB,8,85
"Capitol Federal Financial, Inc.",WEB,10,100
Denny&#39;s Corporation,WEB,8,84
"Nuance Communications, Inc.",WEB,3,21
"Franklin Electric Co., Inc.",WEB,4,29
"CenturyLink, Inc.",WEB,1,5
"Malibu Boats, Inc.",WEB,8,49
"Equillium, Inc.",WEB,8,90
Olin Corporation,WEB,4,26
Canadian National Railway Company,WEB,3,19
"AptarGroup, Inc.",WEB,1,4
Ikonics Corporation,WEB,4,29
"Merit Medical Systems, Inc.",WEB,2,7
Balchem Corporation,WEB,4,29
Verint Systems Inc.,WEB,4,30
"Ampio Pharmaceuticals, Inc.",WEB,1,1
Golar LNG Partners LP,WEB,3,18
B.O.S. Better Online Solutions,WEB,2,11
"Fortune Brands Home & Security, Inc.",WEB,4,26
Core Laboratories N.V.,WEB,2,7
"Codexis, Inc.",WEB,2,15
VALE S.A.,WEB,1,2
Sherwin-Williams Company (The),WEB,2,15
"CDK Global, Inc.",WEB,2,17
Westport Fuel Systems Inc,WEB,4,29
Centene Corporation,WEB,8,53
Nuveen New Jersey Municipal Value Fund,WEB,2,15
Atento S.A.,WEB,7,44
Protective Insurance Corporation,WEB,9,94
Flowserve Corporation,WEB,4,26
Avery Dennison Corporation,WEB,4,30
"Tootsie Roll Industries, Inc.",WEB,2,7
Northwest Natural Holding Company,WEB,1,3
Korn Ferry ,WEB,7,44
Seanergy Maritime Holdings Corp,WEB,4,24
"Ritter Pharmaceuticals, Inc.",WEB,3,22
"Cadence Design Systems, Inc.",WEB,5,34
"Organovo Holdings, Inc.",WEB,2,15
"Donnelley Financial Solutions, Inc.",WEB,7,44
Sysco Corporation,WEB,1,2
Imax Corporation,WEB,10,100
"Guardant Health, Inc.",WEB,3,19
"Cytokinetics, Incorporated",WEB,3,20
"Sanderson Farms, Inc.",WEB,3,18
"Firsthand Technology Value Fund, Inc.",WEB,7,43
Nuveen Michigan Quality Municipal Income Fund,WEB,2,15
Moody&#39;s Corporation,WEB,6,41
Western Asset Intermediate Muni Fund Inc,WEB,2,7
Six Flags Entertainment Corporation New,WEB,4,24
Nuveen Quality Municipal Income Fund,WEB,2,15
VolitionRX Limited,WEB,3,22
"pdvWireless, Inc.",WEB,2,6
Banco Santander Brasil SA,WEB,2,15
Wells Fargo Global Dividend Opportunity Fund,WEB,8,57
"Vishay Intertechnology, Inc.",WEB,8,59
Brightcove Inc.,WEB,2,7
Park Electrochemical Corporation,WEB,4,29
Highland Income Fund,WEB,2,15
Whirlpool Corporation,WEB,4,24
Adtalem Global Education Inc.,WEB,2,15
Inpixon ,WEB,8,48
"Guaranty Bancshares, Inc.",WEB,8,63
iPic Entertainment Inc.,WEB,2,15
NeoPhotonics Corporation,WEB,3,19
ENI S.p.A.,WEB,8,55
Radware Ltd.,WEB,2,13
Essent Group Ltd.,WEB,2,7
Big 5 Sporting Goods Corporation,WEB,1,2
Mogo Finance Technology Inc.,WEB,2,7
J & J Snack Foods Corp.,WEB,1,2
"NVR, Inc.",WEB,9,92
"Red Hat, Inc.",WEB,2,15
"Southside Bancshares, Inc.",WEB,2,15
"JD.com, Inc.",WEB,8,51
Arbor Realty Trust,WEB,2,7
Sibanye Gold Limited,WEB,2,7
"Soligenix, Inc.",WEB,3,22
"Global Ship Lease, Inc.",WEB,2,14
Denali Therapeutics Inc.,WEB,3,19
Atlantica Yield plc,WEB,4,24
Brady Corporation,WEB,1,5
Coupa Software Incorporated,WEB,2,13
"YETI Holdings, Inc.",WEB,1,2
"Guaranty Federal Bancshares, Inc.",WEB,1,2
"Crocs, Inc.",WEB,1,5
"Purple Innovation, Inc.",WEB,1,2
Aurora Cannabis Inc.,WEB,1,4
ClearBridge MLP and Midstream Total Return Fund In,WEB,2,7
"Synlogic, Inc.",WEB,3,19
Magic Software Enterprises Ltd.,WEB,2,12
Ovid Therapeutics Inc.,WEB,3,22
Euronav NV,WEB,4,27
Linde plc,WEB,5,33
"Tanger Factory Outlet Centers, Inc.",WEB,1,2
National General Holdings Corp,WEB,1,5
"Hostess Brands, Inc.",WEB,2,14
Vuzix Corporation,WEB,5,35
Murphy Oil Corporation,WEB,4,30
MFS Special Value Trust,WEB,2,14
"Activision Blizzard, Inc",WEB,4,24
"Evolus, Inc.",WEB,3,19
Ferrari N.V.,WEB,8,49
Alcon Inc.,WEB,2,15
SITE Centers Corp.,WEB,1,3
"iQIYI, Inc.",WEB,8,77
H. B. Fuller Company,WEB,4,26
"Cassava Sciences, Inc.",WEB,3,22
"Protalix BioTherapeutics, Inc.",WEB,3,19
"Urban Outfitters, Inc.",WEB,4,30
"Axos Financial, Inc.",WEB,2,15
Tenaris S.A.,WEB,4,30
MVB Financial Corp.,WEB,2,15
Levi Strauss & Co,WEB,2,15
PACCAR Inc.,WEB,4,30
Mid Penn Bancorp,WEB,10,100
"Hertz Global Holdings, Inc",WEB,1,5
CrossAmerica Partners LP,WEB,2,8
Oxford Lane Capital Corp.,WEB,2,7
"Mirati Therapeutics, Inc.",WEB,3,19
Western Asset/Claymore U.S Treasury Inflation Prot Secs Fd 2,WEB,2,6
"Boingo Wireless, Inc.",WEB,2,7
"McCormick & Company, Incorporated",WEB,1,1
Ceragon Networks Ltd.,WEB,2,15
Green Dot Corporation,WEB,10,100
John Hancock Preferred Income Fund III,WEB,7,45
"PFSweb, Inc.",WEB,2,11
Colonial Municipal Income Trust,WEB,2,14
"Seattle Genetics, Inc.",WEB,3,22
WAVE Life Sciences Ltd.,WEB,3,19
"Allied Motion Technologies, Inc.",WEB,3,19
"Hartford Financial Services Group, Inc. (The)",WEB,10,97
MFS Multimarket Income Trust,WEB,2,14
Jefferies Financial Group Inc.,WEB,1,1
Frontier Communications Corporation,WEB,4,25
Northeast Bank,WEB,6,42
"Senseonics Holdings, Inc.",WEB,9,94
"Idera Pharmaceuticals, Inc.",WEB,8,70
Canadian Solar Inc.,WEB,8,91
"Image Sensing Systems, Inc.",WEB,8,50
"MainStreet Bancshares, Inc.",WEB,2,11
IDEX Corporation,WEB,2,13
"Smart Sand, Inc.",WEB,2,17
"Newpark Resources, Inc.",WEB,4,29
"Tyson Foods, Inc.",WEB,8,61
"Stein Mart, Inc.",WEB,1,5
Summit Therapeutics plc,WEB,3,19
Novartis AG,WEB,3,22
"W&T Offshore, Inc.",WEB,4,24
"Cancer Genetics, Inc.",WEB,2,14
Primo Water Corporation,WEB,3,21
"Stratasys, Ltd.",WEB,2,16
Booking Holdings Inc.,WEB,8,68
"Northern Dynasty Minerals, Ltd.",WEB,1,1
Duke Energy Corporation,WEB,8,55
"Dare Bioscience, Inc.",WEB,2,15
Psychemedics Corporation,WEB,3,18
"Rimini Street, Inc.",WEB,2,14
IMV Inc.,WEB,3,19
"Citizens Community Bancorp, Inc.",WEB,9,95
Cowen Inc.,WEB,6,41
GasLog Partners LP,WEB,7,43
"Extreme Networks, Inc.",WEB,2,15
"Meta Financial Group, Inc.",WEB,2,14
"GreenSky, Inc.",WEB,9,95
"Under Armour, Inc.",WEB,4,25
"Darden Restaurants, Inc.",WEB,10,98
"GenMark Diagnostics, Inc.",WEB,3,19
Cognizant Technology Solutions Corporation,WEB,8,55
"Wesco Aircraft Holdings, Inc.",WEB,1,1
Mallinckrodt plc,WEB,5,36
Shopify Inc.,WEB,1,5
"Veritone, Inc.",WEB,8,51
Viacom Inc.,WEB,1,2
"nLIGHT, Inc.",WEB,5,34
Nuveen AMT-Free Quality Municipal Income Fund,WEB,2,15
"Applied Therapeutics, Inc.",WEB,3,19
"Archrock, Inc.",WEB,4,24
Boxwood Merger Corp.,WEB,2,15
"Twin Disc, Incorporated",WEB,2,15
Medley Capital Corporation,WEB,1,2
Marlin Business Services Corp.,WEB,2,15
Aramark,WEB,4,24
Humana Inc.,WEB,2,15
"People&#39;s United Financial, Inc.",WEB,10,100
"Interpublic Group of Companies, Inc. (The)",WEB,4,29
"Penn National Gaming, Inc.",WEB,2,7
Bristol-Myers Squibb Company,WEB,3,19
"T. Rowe Price Group, Inc.",WEB,8,54
Materion Corporation,WEB,4,30
PagSeguro Digital Ltd.,WEB,2,7
Nuveen Preferred & Income Securities Fund,WEB,2,15
Air Lease Corporation,WEB,4,24
WD-40 Company,WEB,2,12
"Compass Minerals International, Inc.",WEB,2,15
"RealPage, Inc.",WEB,2,17
Teekay Corporation,WEB,4,24
"Orion Energy Systems, Inc.",WEB,1,2
KBL Merger Corp. IV,WEB,2,15
National Retail Properties,WEB,2,8
"Reliv&#39; International, Inc.",WEB,1,5
"Viking Therapeutics, Inc.",WEB,2,15
"Independence Contract Drilling, Inc.",WEB,4,24
"KLX Energy Services Holdings, Inc. ",WEB,4,23
Nortech Systems Incorporated,WEB,8,48
Haemonetics Corporation,WEB,1,2
CRH PLC,WEB,4,30
"Mesa Air Group, Inc.",WEB,2,7
XBiotech Inc.,WEB,3,19
Sunlands Technology Group,WEB,8,83
"Cue Biopharma, Inc.",WEB,3,19
"Popular, Inc.",WEB,2,7
Cabot Microelectronics Corporation,WEB,4,31
Nevro Corp.,WEB,2,15
Kewaunee Scientific Corporation,WEB,2,15
"Trupanion, Inc.",WEB,10,96
Foamix Pharmaceuticals Ltd.,WEB,2,14
Vonage Holdings Corp.,WEB,2,13
Osisko Gold Royalties Ltd,WEB,1,2
Eaton Vance Tax-Managed Diversified Equity Income Fund,WEB,2,6
Bryn Mawr Bank Corporation,WEB,2,17
SL Green Realty Corp,WEB,2,8
"Varonis Systems, Inc.",WEB,2,15
CytRx Corporation,WEB,3,22
DNB Financial Corp,WEB,2,17
"IZEA Worldwide, Inc.",WEB,7,44
Matthews International Corporation,WEB,2,17
"ACM Research, Inc.",WEB,3,18
"Charter Communications, Inc.",WEB,1,5
ACADIA Pharmaceuticals Inc.,WEB,3,22
Domino&#39;s Pizza Inc,WEB,1,5
"GNC Holdings, Inc.",WEB,8,60
"FlexShopper, Inc.",WEB,1,5
"Schmitt Industries, Inc.",WEB,2,15
NIO Inc.,WEB,4,26
Acme United Corporation.,WEB,1,2
Enel Americas S.A.,WEB,2,7
"SeaChange International, Inc.",WEB,8,51
Altaba Inc.,WEB,2,14
Zebra Technologies Corporation,WEB,2,15
"Pearson, Plc",WEB,1,5
"U.S. Global Investors, Inc.",WEB,7,44
"Sky Solar Holdings, Ltd.",WEB,5,35
Universal Electronics Inc.,WEB,8,67
SJW Group,WEB,3,18
"Positive Physicians Holdings, Inc.",WEB,10,98
IntriCon Corporation,WEB,3,19
Aegion Corp,WEB,4,31
AllianzGI Equity & Convertible Income Fund,WEB,6,39
"Okta, Inc.",WEB,2,17
"Intevac, Inc.",WEB,2,15
Akers Biosciences Inc.,WEB,8,72
"Greenhill & Co., Inc.",WEB,7,47
Chubb Limited,WEB,2,17
Park Hotels & Resorts Inc.,WEB,6,40
Mack-Cali Realty Corporation,WEB,2,8
ManTech International Corporation,WEB,8,50
NetSol Technologies Inc.,WEB,6,38
TriCo Bancshares,WEB,9,92
ADT Inc.,WEB,1,5
"Innophos Holdings, Inc.",WEB,4,26
CECO Environmental Corp.,WEB,2,15
First Community Corporation,WEB,2,15
"Carolina Trust BancShares, Inc.",WEB,10,98
"Lumber Liquidators Holdings, Inc",WEB,1,2
Western Asset/Claymore U.S. Treasury Inflation Prot Secs Fd,WEB,2,6
Canada Goose Holdings Inc.,WEB,1,2
Meritage Corporation,WEB,1,4
Nuveen Tax-Advantaged Total Return Strategy Fund,WEB,2,15
SEI Investments Company,WEB,6,42
NICE Ltd,WEB,7,45
"F5 Networks, Inc.",WEB,1,1
"Southwest Gas Holdings, Inc.",WEB,2,15
Stone Harbor Emerging Markets Income Fund,WEB,6,39
WSFS Financial Corporation,WEB,10,100
Nuveen High Income 2020 Target Term Fund,WEB,2,11
"General Mills, Inc.",WEB,3,18
American States Water Company,WEB,3,18
AngloGold Ashanti Limited,WEB,4,30
"Gevo, Inc.",WEB,3,18
"Perceptron, Inc.",WEB,2,15
Peabody Energy Corporation,WEB,4,31
"Ryder System, Inc.",WEB,2,17
Bunge Limited,WEB,4,26
Denbury Resources Inc.,WEB,8,89
TCF Financial Corporation,WEB,2,15
TC Energy Corporation,WEB,4,24
"Bottomline Technologies, Inc.",WEB,2,12
"PCM, Inc.",WEB,2,13
The First of Long Island Corporation,WEB,2,15
Akari Therapeutics Plc,WEB,2,15
STMicroelectronics N.V.,WEB,4,29
Hamilton Lane Incorporated,WEB,6,38
Dean Foods Company,WEB,1,5
"Flexion Therapeutics, Inc.",WEB,3,22
Trans World Entertainment Corp.,WEB,4,31
"Net 1 UEPS Technologies, Inc.",WEB,2,13
Itau Unibanco Banco Holding SA,WEB,2,7
"Hancock Jaffe Laboratories, Inc.",WEB,3,19
"HealthStream, Inc.",WEB,3,22
"Vapotherm, Inc.",WEB,9,95
"Richardson Electronics, Ltd.",WEB,4,29
Eaton Vance Tax-Advantage Global Dividend Opp,WEB,2,6
CTI BioPharma Corp.,WEB,3,22
"Templeton Emerging Markets Income Fund, Inc.",WEB,6,42
8i Enterprises Acquisition Corp,WEB,2,8
Veru Inc.,WEB,2,7
Viavi Solutions Inc.,WEB,4,30
"HarborOne Bancorp, Inc.",WEB,9,93
Nuveen Ohio Quality Municipal Income Fund,WEB,2,11
PTC Inc.,WEB,2,15
"CytomX Therapeutics, Inc.",WEB,3,19
"Cracker Barrel Old Country Store, Inc.",WEB,1,2
"OSI Systems, Inc.",WEB,4,29
VEREIT Inc.,WEB,2,7
UBS AG,WEB,2,14
Cerner Corporation,WEB,9,95
"Orchid Island Capital, Inc.",WEB,2,14
"Voya Infrastructure, Industrials and Materials Fund",WEB,6,39
Westrock Company,WEB,4,26
"Ionis Pharmaceuticals, Inc.",WEB,3,22
"frontdoor, inc.",WEB,2,15
ORBCOMM Inc.,WEB,8,50
"Xcel Brands, Inc",WEB,3,19
"MasTec, Inc.",WEB,4,23
"NETGEAR, Inc.",WEB,8,81
"Cannae Holdings, Inc.",WEB,2,15
ManpowerGroup,WEB,7,44
Westwood Holdings Group Inc,WEB,6,42
China Internet Nationwide Financial Services Inc.,WEB,8,91
Harvest Capital Credit Corporation,WEB,6,41
"Healthcare Trust of America, Inc.",WEB,2,8
"Life Storage, Inc.",WEB,1,5
"Dime Community Bancshares, Inc.",WEB,10,98
"Skechers U.S.A., Inc.",WEB,2,15
TrustCo Bank Corp NY,WEB,10,100
"Barrett Business Services, Inc.",WEB,2,17
"Cisco Systems, Inc.",WEB,5,32
"The Herzfeld Caribbean Basin Fund, Inc.",WEB,2,9
"The First Bancshares, Inc.",WEB,1,2
Accenture plc,WEB,2,13
"Genesis Energy, L.P.",WEB,4,24
"NantKwest, Inc.",WEB,3,19
"Globus Medical, Inc.",WEB,2,15
Seagate Technology PLC,WEB,4,29
"Natural Grocers by Vitamin Cottage, Inc.",WEB,1,4
Cambrex Corporation,WEB,1,1
GoDaddy Inc.,WEB,2,12
"Alder BioPharmaceuticals, Inc.",WEB,3,19
"KBR, Inc.",WEB,4,29
"comScore, Inc.",WEB,1,5
Eaton Vance Senior Income Trust,WEB,2,6
SCWorx Corp.,WEB,2,15
Golar LNG Limited,WEB,4,24
Addus HomeCare Corporation,WEB,8,53
"Navigant Consulting, Inc.",WEB,6,42
"Kayne Anderson Midstream Energy Fund, Inc",WEB,7,43
"Cohen & Steers REIT and Preferred and Income Fund,",WEB,6,39
"Equity Bancshares, Inc.",WEB,10,100
Tractor Supply Company,WEB,1,4
"Second Sight Medical Products, Inc.",WEB,2,15
"Allogene Therapeutics, Inc.",WEB,3,19
"NeoGenomics, Inc.",WEB,3,19
"Douglas Dynamics, Inc.",WEB,4,26
"China Biologic Products Holdings, Inc.",WEB,5,35
Partner Communications Company Ltd.,WEB,5,36
Alkermes plc,WEB,3,22
Gentherm Inc,WEB,4,28
"CEVA, Inc.",WEB,4,26
"Harley-Davidson, Inc.",WEB,1,5
TimkenSteel Corporation,WEB,4,26
Central Garden & Pet Company,WEB,4,24
"HubSpot, Inc.",WEB,2,12
"Turning Point Brands, Inc.",WEB,2,15
Fabrinet,WEB,2,15
HP Inc.,WEB,2,17
"China Fund, Inc. (The)",WEB,1,2
Independent Bank Corporation,WEB,2,15
"Community First Bancshares, Inc.",WEB,1,2
Ingevity Corporation,WEB,2,15
"SPS Commerce, Inc.",WEB,2,15
"Air Products and Chemicals, Inc.",WEB,1,1
Astrazeneca PLC,WEB,3,21
iRadimed Corporation,WEB,2,15
"Hologic, Inc.",WEB,3,21
"Intellia Therapeutics, Inc.",WEB,3,19
Monotype Imaging Holdings Inc.,WEB,2,15
Yandex N.V.,WEB,2,14
Cabot Corporation,WEB,4,31
City Holding Company,WEB,10,98
Brookfield Business Partners L.P.,WEB,7,44
Aphria Inc.,WEB,4,23
TransUnion,WEB,1,5
Nuveen Preferred & Income Opportunities Fund,WEB,2,15
"Cogent Communications Holdings, Inc.",WEB,2,7
"Assembly Biosciences, Inc.",WEB,3,19
Niu Technologies,WEB,1,2
Nuveen Georgia Quality Municipal Income Fund ,WEB,2,15
"White Mountains Insurance Group, Ltd.",WEB,10,97
"Steel Connect, Inc.",WEB,4,29
Old National Bancorp,WEB,1,4
"Universal Health Services, Inc.",WEB,2,7
International Business Machines Corporation,WEB,3,19
"Zoom Video Communications, Inc.",WEB,8,50
Timken Company (The),WEB,3,18
Brookfield Renewable Partners L.P.,WEB,2,8
Vicor Corporation,WEB,2,15
"Intercept Pharmaceuticals, Inc.",WEB,3,19
"Hurco Companies, Inc.",WEB,4,29
Western Asset Variable Rate Strategic Fund Inc.,WEB,2,7
Allstate Corporation (The),WEB,7,46
"TransMedics Group, Inc.",WEB,3,20
Loews Corporation,WEB,2,15
Employers Holdings Inc,WEB,10,97
"Infinity Pharmaceuticals, Inc.",WEB,8,56
"Neenah, Inc.",WEB,4,26
ePlus inc.,WEB,1,2
180 Degree Capital Corp.,WEB,2,9
Eaton Vance Enhanced Equity Income Fund II,WEB,2,6
"Anthem, Inc.",WEB,2,15
Arconic Inc.,WEB,2,15
Sunrun Inc.,WEB,3,18
Kodiak Sciences Inc,WEB,3,19
Asure Software Inc,WEB,2,17
Ruhnn Holding Limited,WEB,8,86
Voya Global Equity Dividend and Premium Opportunity Fund,WEB,6,39
"Natuzzi, S.p.A.",WEB,8,52
El Paso Electric Company,WEB,3,19
"Aerohive Networks, Inc.",WEB,2,15
"Heritage-Crystal Clean, Inc.",WEB,2,17
"Build-A-Bear Workshop, Inc.",WEB,2,6
New Gold Inc.,WEB,2,8
"Bloomin&#39; Brands, Inc.",WEB,1,2
Heska Corporation,WEB,9,95
"Ameresco, Inc.",WEB,2,15
Netshoes (Cayman) Limited,WEB,2,7
CGI Inc.,WEB,7,44
"Watsco, Inc.",WEB,1,2
"Evelo Biosciences, Inc.",WEB,3,20
"First Capital, Inc.",WEB,10,100
Apollo Investment Corporation,WEB,6,39
Fiduciary/Claymore Energy Infrastructure Fund,WEB,2,6
"Stoneridge, Inc.",WEB,4,26
Intuit Inc.,WEB,9,94
"The Cooper Companies, Inc. ",WEB,5,37
"Interpace Diagnostics Group, Inc.",WEB,3,19
Milacron Holdings Corp.,WEB,2,16
"Pro-Dex, Inc.",WEB,8,48
"Sigma Labs, Inc.",WEB,4,26
La-Z-Boy Incorporated,WEB,1,2
EnPro Industries,WEB,5,32
WPP plc,WEB,2,11
Nuveen Massachusetts Municipal Income Fund,WEB,2,11
"FLIR Systems, Inc.",WEB,4,30
Zynga Inc.,WEB,2,15
"Arrow Electronics, Inc.",WEB,8,51
"W.W. Grainger, Inc.",WEB,1,5
Canadian Natural Resources Limited,WEB,4,24
Nuveen Tax-Advantaged Dividend Growth Fund,WEB,2,15
Genpact Limited,WEB,2,13
"International Money Express, Inc.",WEB,10,98
"BioTime, Inc.",WEB,3,19
Central Puerto S.A.,WEB,8,61
Fidelity Southern Corporation,WEB,1,5
"Tabula Rasa HealthCare, Inc.",WEB,7,44
John Hancock Investors Trust,WEB,7,45
Tech Data Corporation,WEB,2,17
"Smith & Nephew SNATS, Inc.",WEB,3,19
Pacific Mercantile Bancorp,WEB,2,15
"HealthEquity, Inc.",WEB,1,4
"Kratos Defense & Security Solutions, Inc.",WEB,2,15
Takeda Pharmaceutical Company Limited,WEB,3,22
"Alnylam Pharmaceuticals, Inc.",WEB,3,19
"Intermolecular, Inc.",WEB,3,19
Global Payments Inc.,WEB,2,13
"PolarityTE, Inc.",WEB,3,18
"Merck & Company, Inc.",WEB,3,19
"Tower International, Inc.",WEB,4,26
Bel Fuse Inc.,WEB,4,30
Icahn Enterprises L.P.,WEB,2,14
"Tortoise Power and Energy Infrastructure Fund, Inc",WEB,8,54
"Spring Bank Pharmaceuticals, Inc.",WEB,3,19
MFS Charter Income Trust,WEB,2,14
Nuveen Pennsylvania Quality Municipal Income Fund,WEB,2,11
"Expedia Group, Inc.",WEB,1,2
Cray Inc,WEB,2,15
"NanoString Technologies, Inc.",WEB,3,19
Village Bank and Trust Financial Corp.,WEB,2,15
Webster Financial Corporation,WEB,10,100
"Fortress Biotech, Inc.",WEB,3,22
"PayPal Holdings, Inc.",WEB,10,98
RGC Resources Inc.,WEB,2,17
NOW Inc.,WEB,4,26
Canadian Imperial Bank of Commerce,WEB,2,17
Nuveen Municipal High Income Opportunity Fund,WEB,2,15
Aflac Incorporated,WEB,10,97
Splunk Inc.,WEB,4,29
Compass Diversified Holdings,WEB,2,7
PBF Logistics LP,WEB,7,43
B2Gold Corp,WEB,4,24
Nuveen Virginia Quality Municipal Income Fund,WEB,2,15
Aegon NV,WEB,6,38
"Wyndham Destinations, Inc.",WEB,4,25
"Roper Technologies, Inc.",WEB,5,35
LendingClub Corporation,WEB,6,41
Telecom Italia S.P.A.,WEB,2,7
"Rhythm Pharmaceuticals, Inc.",WEB,2,9
"Athenex, Inc.",WEB,2,15
"Constellation Pharmaceuticals, Inc.",WEB,2,15
"Clean Harbors, Inc.",WEB,2,17
"Utah Medical Products, Inc.",WEB,2,15
"Vera Bradley, Inc.",WEB,2,15
"AxoGen, Inc.",WEB,1,1
Lazard Ltd.,WEB,7,45
"Crown Holdings, Inc.",WEB,4,26
Target Hospitality Corp.,WEB,2,13
Old Republic International Corporation,WEB,10,97
"Verisk Analytics, Inc.",WEB,8,61
"Immunic, Inc. ",WEB,3,20
Crane Co.,WEB,4,26
"AMERIPRISE FINANCIAL SERVICES, INC.",WEB,7,46
Key Tronic Corporation,WEB,2,15
AMREP Corporation,WEB,4,24
Cortland Bancorp,WEB,10,100
"Spok Holdings, Inc.",WEB,2,15
Matrix Service Company,WEB,2,17
Hexcel Corporation,WEB,8,48
"Verastem, Inc.",WEB,3,19
"Weyco Group, Inc.",WEB,1,3
West Bancorporation,WEB,2,13
Amalgamated Bank,WEB,1,5
"SI-BONE, Inc.",WEB,3,19
Colonial High Income Municipal Trust,WEB,2,14
Weidai Ltd.,WEB,2,15
"Commerce Bancshares, Inc.",WEB,10,100
Nuveen AMT-Free Municipal Value Fund,WEB,2,11
"Foundation Building Materials, Inc.",WEB,2,7
"Reinsurance Group of America, Incorporated",WEB,6,42
"The Hackett Group, Inc.",WEB,2,13
Nuveen California Municipal Value Fund 2,WEB,2,11
Alliant Energy Corporation,WEB,4,23
CoreSite Realty Corporation,WEB,2,15
Accuray Incorporated,WEB,3,19
"Catalent, Inc.",WEB,3,18
"Miller Industries, Inc.",WEB,8,50
"Akamai Technologies, Inc.",WEB,1,2
Mitsubishi UFJ Financial Group Inc,WEB,8,65
"Points International, Ltd.",WEB,2,15
Ameris Bancorp,WEB,9,93
Bridgford Foods Corporation,WEB,2,15
"Boston Private Financial Holdings, Inc.",WEB,6,38
Nokia Corporation,WEB,2,11
Ribbon Communications Inc. ,WEB,2,16
Teekay Tankers Ltd.,WEB,4,24
"CryoPort, Inc.",WEB,4,29
"Tortoise Midstream Energy Fund, Inc.",WEB,8,54
"Myers Industries, Inc.",WEB,3,19
"Nathan&#39;s Famous, Inc.",WEB,2,15
Suncor Energy  Inc.,WEB,3,19
"ZK International Group Co., Ltd",WEB,4,26
Affimed N.V.,WEB,3,19
"Anaplan, Inc.",WEB,2,12
"NextEra Energy Partners, LP",WEB,7,43
Merus N.V.,WEB,2,15
"VirTra, Inc.",WEB,2,15
"QuinStreet, Inc.",WEB,2,15
Zumiez Inc.,WEB,4,26
"Red Violet, Inc.",WEB,2,15
Fluidigm Corporation,WEB,3,19
Thomson Reuters Corp,WEB,2,15
Nuveen North Carolina Quality Municipal Income Fd,WEB,2,15
"REV Group, Inc.",WEB,2,15
"Supernus Pharmaceuticals, Inc.",WEB,3,22
"Cutera, Inc.",WEB,4,30
"Rockwell Medical, Inc.",WEB,3,22
"Square, Inc.",WEB,10,99
"EMCOR Group, Inc.",WEB,4,24
Western Asset Investment Grade Income Fund Inc.,WEB,2,7
"Applied Industrial Technologies, Inc.",WEB,2,15
Nuveen New Jersey Quality Municipal Income Fund,WEB,2,11
"UDR, Inc.",WEB,2,7
Vedanta  Limited,WEB,1,1
Iterum Therapeutics plc,WEB,3,19
Parker Drilling Company,WEB,4,28
"Aldeyra Therapeutics, Inc.",WEB,3,22
Element Solutions Inc.,WEB,4,29
"Ballantyne Strong, Inc",WEB,2,15
AllianzGI Convertible & Income Fund,WEB,6,39
Cushman & Wakefield plc,WEB,1,1
"Marinus Pharmaceuticals, Inc.",WEB,3,22
Trinseo S.A.,WEB,5,33
Novanta Inc.,WEB,3,19
KT Corporation,WEB,1,2
"Kala Pharmaceuticals, Inc.",WEB,3,22
"Model N, Inc.",WEB,5,37
"AAON, Inc.",WEB,4,30
"AG Mortgage Investment Trust, Inc.",WEB,2,14
Future FinTech Group Inc.,WEB,8,57
Nomura Holdings Inc ADR,WEB,2,14
Ritchie Bros. Auctioneers Incorporated,WEB,2,17
"Blackbaud, Inc.",WEB,2,15
CPS Technologies Corp.,WEB,4,29
"First Midwest Bancorp, Inc.",WEB,10,96
SMTC Corporation,WEB,4,31
"Essential Properties Realty Trust, Inc.",WEB,3,19
ATIF Holdings Limited,WEB,8,80
"Empire State Realty Trust, Inc.",WEB,2,15
Invitae Corporation,WEB,2,14
Sealed Air Corporation,WEB,2,15
Hilton Grand Vacations Inc.,WEB,4,31
Scholastic Corporation,WEB,2,8
"On Deck Capital, Inc.",WEB,10,98
"Cellectar Biosciences, Inc.",WEB,3,22
Research Frontiers Incorporated,WEB,7,45
"Applied Materials, Inc.",WEB,4,29
"First Financial Northwest, Inc.",WEB,2,7
"Coca-Cola Consolidated, Inc.",WEB,2,7
Eaton Vance Tax-Managed Buy-Write Income Fund,WEB,2,6
Briggs & Stratton Corporation,WEB,4,24
Perspecta Inc.,WEB,2,15
"Zendesk, Inc.",WEB,2,12
Nuveen S&P 500 Dynamic Overwrite Fund,WEB,2,15
S&P Global Inc.,WEB,2,15
Glaukos Corporation,WEB,2,15
"Ross Stores, Inc.",WEB,2,14
General Motors Company,WEB,8,55
Oramed Pharmaceuticals Inc.,WEB,3,19
"Miragen Therapeutics, Inc.",WEB,3,19
Vince Holding Corp.,WEB,4,25
"Five9, Inc.",WEB,8,50
Western Asset Bond Fund,WEB,2,7
Verizon Communications Inc.,WEB,1,2
American Superconductor Corporation,WEB,4,29
"Penumbra, Inc.",WEB,3,22
Preformed Line Products Company,WEB,4,29
"Oceaneering International, Inc.",WEB,1,2
Aehr Test Systems,WEB,4,31
"Luxoft Holding, Inc.",WEB,2,11
"American Assets Trust, Inc.",WEB,2,8
