"Symbol","Name","LastSale","MarketCap","IPOyear","Sector","industry","Summary Quote",
"XXII","22nd Century Group, Inc","2.02","$251.81M","n/a","Consumer Non-Durables","Farming/Seeds/Milling","https://www.nasdaq.com/symbol/xxii",
"FAX","Aberdeen Asia-Pacific Income Fund Inc","4.15","$1.03B","1986","n/a","n/a","https://www.nasdaq.com/symbol/fax",
"IAF","Aberdeen Australia Equity Fund Inc","5.41","$123.04M","n/a","n/a","n/a","https://www.nasdaq.com/symbol/iaf",
"AEF","Aberdeen Emerging Markets Equity Income Fund, Inc.","6.96","$415.57M","n/a","n/a","n/a","https://www.nasdaq.com/symbol/aef",
"FCO","Aberdeen Global Income Fund, Inc.","8.4","$73.29M","1992","n/a","n/a","https://www.nasdaq.com/symbol/fco",
"ACU","Acme United Corporation.","20.73","$69.49M","1988","Capital Goods","Industrial Machinery/Components","https://www.nasdaq.com/symbol/acu",
"ATNM","Actinium Pharmaceuticals, Inc.","0.3049","$49.4M","n/a","Health Care","Major Pharmaceuticals","https://www.nasdaq.com/symbol/atnm",
"AE","Adams Resources & Energy, Inc.","34.4","$145.1M","n/a","Energy","Oil Refining/Marketing","https://www.nasdaq.com/symbol/ae",
"ACY","AeroCentury Corp.","8.43","$13.03M","n/a","Technology","Diversified Commercial Services","https://www.nasdaq.com/symbol/acy",
"UAVS","AgEagle Aerial Systems, Inc.","0.2889","$4.32M","n/a","Capital Goods","Aerospace","https://www.nasdaq.com/symbol/uavs",
"AGE","AgeX Therapeutics, Inc.","3.21","$120.79M","2018","Health Care","Major Pharmaceuticals","https://www.nasdaq.com/symbol/age",
"AIRI","Air Industries Group","1.14","$32.67M","n/a","Capital Goods","Military/Government/Technical","https://www.nasdaq.com/symbol/airi",
"AXU","Alexco Resource Corp","1.04","$112.99M","n/a","Basic Industries","Precious Metals","https://www.nasdaq.com/symbol/axu",
"ALO","Alio Gold Inc.","0.5501","$46.6M","2011","Basic Industries","Precious Metals","https://www.nasdaq.com/symbol/alo",
"AAU","Almaden Minerals, Ltd.","0.47","$52.51M","2015","Basic Industries","Precious Metals","https://www.nasdaq.com/symbol/aau",
"APT","Alpha Pro Tech, Ltd.","3.55","$47.98M","n/a","Health Care","Industrial Specialties","https://www.nasdaq.com/symbol/apt",
"AAMC","Altisource Asset Management Corp","21.5","$34.17M","n/a","Finance","Real Estate","https://www.nasdaq.com/symbol/aamc",
"AMBO","Ambow Education Holding Ltd.","4.3","$93.45M","n/a","Consumer Services","Other Consumer Services","https://www.nasdaq.com/symbol/ambo",
"DIT","AMCON Distributing Company","93.18","$55.23M","n/a","Consumer Non-Durables","Food Distributors","https://www.nasdaq.com/symbol/dit",
"AMS","American Shared Hospital Services","2.87","$16.4M","n/a","Health Care","Medical Specialities","https://www.nasdaq.com/symbol/ams",
"USAS","Americas Silver Corporation","1.73","$121.52M","2017","Basic Industries","Precious Metals","https://www.nasdaq.com/symbol/usas",
"AMPE","Ampio Pharmaceuticals, Inc.","0.5245","$58.29M","n/a","Health Care","Major Pharmaceuticals","https://www.nasdaq.com/symbol/ampe",
"ARNC^","Arconic Inc.","87.48","n/a","n/a","n/a","n/a","https://www.nasdaq.com/symbol/arnc^",
"ARMP","Armata Pharmaceuticals, Inc.","3.41","$33.96M","n/a","Health Care","Biotechnology: Biological Products (No Diagnostic Substances)","https://www.nasdaq.com/symbol/armp",
"AKG","Asanko Gold Inc.","0.5839","$131.85M","n/a","Basic Industries","Mining & Quarrying of Nonmetallic Minerals (No Fuels)","https://www.nasdaq.com/symbol/akg",
"AINC","Ashford Inc.","47.19","$116.57M","2014","Consumer Services","Professional Services","https://www.nasdaq.com/symbol/ainc",
"AUG","Auryn Resources Inc.","1.47","$138.93M","n/a","Basic Industries","Precious Metals","https://www.nasdaq.com/symbol/aug",
"AWX","Avalon Holdings Corporation","2.3044","$8.93M","n/a","Public Utilities","Environmental Services","https://www.nasdaq.com/symbol/awx",
"ASM","Avino Silver","0.4101","$26.66M","n/a","Basic Industries","Precious Metals","https://www.nasdaq.com/symbol/asm",
"BTG","B2Gold Corp","2.66","$2.67B","n/a","Basic Industries","Precious Metals","https://www.nasdaq.com/symbol/btg",
"BTN","Ballantyne Strong, Inc","2.965","$43.05M","n/a","Miscellaneous","Industrial Machinery/Components","https://www.nasdaq.com/symbol/btn",
"BKJ","Bancorp of New Jersey, Inc","13.4","$97.73M","n/a","Finance","Major Banks","https://www.nasdaq.com/symbol/bkj",
"BCV","Bancroft Fund Limited","21.3101","$111.99M","n/a","n/a","n/a","https://www.nasdaq.com/symbol/bcv",
"BCV^A","Bancroft Fund Limited","25.35","n/a","n/a","n/a","n/a","https://www.nasdaq.com/symbol/bcv^a",
"BHB","Bar Harbor Bankshares, Inc.","25.99","$403.49M","n/a","Finance","Major Banks","https://www.nasdaq.com/symbol/bhb",
"BRN","Barnwell Industries, Inc.","1.32","$10.93M","n/a","Energy","Oil & Gas Production","https://www.nasdaq.com/symbol/brn",
"BGSF","BG Staffing Inc","20.23","$206.95M","n/a","Technology","Professional Services","https://www.nasdaq.com/symbol/bgsf",
"BIOX","Bioceres Crop Solutions Corp.","4.1562","$150.12M","2018","Basic Industries","Agricultural Chemicals","https://www.nasdaq.com/symbol/biox",
"BIOX.WS","Bioceres Crop Solutions Corp.","n/a","n/a","n/a","n/a","n/a","https://www.nasdaq.com/symbol/biox.ws",
"BPMX","BioPharmX Corporation","0.99","$10.38M","2015","Health Care","Major Pharmaceuticals","https://www.nasdaq.com/symbol/bpmx",
"BTX","BioTime, Inc.","1.13","$169.1M","n/a","Health Care","Biotechnology: Biological Products (No Diagnostic Substances)","https://www.nasdaq.com/symbol/btx",
"BGI","Birks Group Inc.","0.99","$17.78M","n/a","Consumer Services","Consumer Specialties","https://www.nasdaq.com/symbol/bgi",
"BKTI","BK Technologies Corporation","4.19","$53.22M","n/a","Technology","Radio And Television Broadcasting And Communications Equipment","https://www.nasdaq.com/symbol/bkti",
"BDR","Blonder Tongue Laboratories, Inc.","0.9102","$8.73M","n/a","Technology","Radio And Television Broadcasting And Communications Equipment","https://www.nasdaq.com/symbol/bdr",
"BRG","Bluerock Residential Growth REIT, Inc.","11.26","$253.74M","2014","Consumer Services","Real Estate Investment Trusts","https://www.nasdaq.com/symbol/brg",
"BRG^A","Bluerock Residential Growth REIT, Inc.","26.37","n/a","n/a","n/a","n/a","https://www.nasdaq.com/symbol/brg^a",
"BRG^C","Bluerock Residential Growth REIT, Inc.","25.9566","n/a","n/a","n/a","n/a","https://www.nasdaq.com/symbol/brg^c",
"BRG^D","Bluerock Residential Growth REIT, Inc.","25.25","n/a","n/a","n/a","n/a","https://www.nasdaq.com/symbol/brg^d",
"BWL.A","Bowl America, Inc.","n/a","n/a","n/a","n/a","n/a","https://www.nasdaq.com/symbol/bwl.a",
"CMCL","Caledonia Mining Corporation Plc","5.7","$61.27M","n/a","Basic Industries","Precious Metals","https://www.nasdaq.com/symbol/cmcl",
"CEI","Camber Energy, Inc.","0.222","$4.44M","n/a","Energy","Oil & Gas Production","https://www.nasdaq.com/symbol/cei",
"CANF","Can-Fite Biopharma Ltd","3.26","$5.95M","n/a","Health Care","Major Pharmaceuticals","https://www.nasdaq.com/symbol/canf",
"ROX","Castle Brands, Inc.","0.6074","$102.66M","2006","Consumer Non-Durables","Beverages (Production/Distribution)","https://www.nasdaq.com/symbol/rox",
"YCBD","cbdMD, Inc.","6.44","$178.52M","2017","Consumer Non-Durables","Package Goods/Cosmetics","https://www.nasdaq.com/symbol/ycbd",
"CVM","Cel-Sci Corporation","5.25","$176.94M","n/a","Health Care","Biotechnology: Biological Products (No Diagnostic Substances)","https://www.nasdaq.com/symbol/cvm",
"CET","Central Securities Corporation","29.28","$746.13M","n/a","n/a","n/a","https://www.nasdaq.com/symbol/cet",
"LEU","Centrus Energy Corp.","3.1365","$29.66M","2014","Basic Industries","Mining & Quarrying of Nonmetallic Minerals (No Fuels)","https://www.nasdaq.com/symbol/leu",
"CHAC","Chardan Healthcare Acquisition Corp.","9.8","$85.75M","2019","Finance","Business Services","https://www.nasdaq.com/symbol/chac",
"CHAC.U","Chardan Healthcare Acquisition Corp.","n/a","n/a","2018","n/a","n/a","https://www.nasdaq.com/symbol/chac.u",
"CHAC.WS","Chardan Healthcare Acquisition Corp.","n/a","n/a","n/a","n/a","n/a","https://www.nasdaq.com/symbol/chac.ws",
"CCF","Chase Corporation","99.49","$936.43M","n/a","Consumer Durables","Building Products","https://www.nasdaq.com/symbol/ccf",
"CQP","Cheniere Energy Partners, LP","42.59","$20.61B","2007","Public Utilities","Oil/Gas Transmission","https://www.nasdaq.com/symbol/cqp",
"LNG","Cheniere Energy, Inc.","66.4","$17.09B","n/a","Public Utilities","Oil/Gas Transmission","https://www.nasdaq.com/symbol/lng",
"CVR","Chicago Rivet & Machine Co.","26.95","$26.04M","n/a","Technology","Industrial Machinery/Components","https://www.nasdaq.com/symbol/cvr",
"CPHI","China Pharma Holdings, Inc.","0.2889","$12.59M","n/a","Health Care","Major Pharmaceuticals","https://www.nasdaq.com/symbol/cphi",
"CKX","CKX Lands, Inc.","9.95","$19.33M","n/a","Energy","Oil & Gas Production","https://www.nasdaq.com/symbol/ckx",
"CCC.WS","Clarivate Analytics Plc","n/a","n/a","n/a","n/a","n/a","https://www.nasdaq.com/symbol/ccc.ws",
"GLV","Clough Global Dividend and Income Fund","10.97","$76.86M","2004","n/a","n/a","https://www.nasdaq.com/symbol/glv",
"GLQ","Clough Global Equity Fund","13.07","$144.11M","2005","n/a","n/a","https://www.nasdaq.com/symbol/glq",
"GLO","Clough Global Opportunities Fund","9.45","$304.52M","2006","n/a","n/a","https://www.nasdaq.com/symbol/glo",
"COHN","Cohen & Company Inc.","6.04","$7.35M","n/a","Finance","Investment Bankers/Brokers/Service","https://www.nasdaq.com/symbol/cohn",
"CIX","CompX International Inc.","15.14","$188.27M","1998","Capital Goods","Industrial Machinery/Components","https://www.nasdaq.com/symbol/cix",
"LODE","Comstock Mining, Inc.","0.1971","$16.02M","n/a","Basic Industries","Precious Metals","https://www.nasdaq.com/symbol/lode",
"CDOR","Condor Hospitality Trust, Inc.","9.6","$114.44M","n/a","Consumer Services","Real Estate Investment Trusts","https://www.nasdaq.com/symbol/cdor",
"CTO","Consolidated-Tomoka Land Co.","59.9","$301.17M","n/a","Finance","Real Estate","https://www.nasdaq.com/symbol/cto",
"MCF","Contango Oil & Gas Company","2.67","$91.93M","n/a","Energy","Oil & Gas Production","https://www.nasdaq.com/symbol/mcf",
"CUO","Continental Materials Corporation","18.69","$32.06M","n/a","Capital Goods","Building Materials","https://www.nasdaq.com/symbol/cuo",
"CMT","Core Molding Technologies Inc","7.66","$62.39M","n/a","Consumer Non-Durables","Plastic Products","https://www.nasdaq.com/symbol/cmt",
"CVRS","Corindus Vascular Robotics, Inc.","2.67","$551.89M","2015","Health Care","Medical/Dental Instruments","https://www.nasdaq.com/symbol/cvrs",
"CRMD","CorMedix Inc.","7.07","$168.37M","n/a","Health Care","Major Pharmaceuticals","https://www.nasdaq.com/symbol/crmd",
"CRF","Cornerstone Strategic Return Fund, Inc. (The)","11.29","$434.59M","n/a","n/a","n/a","https://www.nasdaq.com/symbol/crf",
"CLM","Cornerstone Strategic Value Fund, Inc.","11.63","$846.81M","1987","n/a","n/a","https://www.nasdaq.com/symbol/clm",
"CVU","CPI Aerostructures, Inc.","7.07","$83.56M","n/a","Capital Goods","Military/Government/Technical","https://www.nasdaq.com/symbol/cvu",
"CIK","Credit Suisse Asset Management Income Fund, Inc.","3.05","$159.53M","n/a","n/a","n/a","https://www.nasdaq.com/symbol/cik",
"DHY","Credit Suisse High Yield Bond Fund","2.49","$257.62M","1998","n/a","n/a","https://www.nasdaq.com/symbol/dhy",
"CRHM","CRH Medical Corporation","2.88","$206.17M","2015","Health Care","Medical/Nursing Services","https://www.nasdaq.com/symbol/crhm",
"CTEK","CynergisTek, Inc.","4.68","$45.74M","2017","Miscellaneous","Business Services","https://www.nasdaq.com/symbol/ctek",
"DXR","Daxor Corporation","8.91","$33.38M","n/a","Health Care","Medical/Dental Instruments","https://www.nasdaq.com/symbol/dxr",
"VCF","Delaware Investments Colorado Municipal Income Fund, Inc","14.443","$69.86M","1993","n/a","n/a","https://www.nasdaq.com/symbol/vcf",
"VFL","Delaware Investments Florida Insured Municipal Income Fund","13.19","$59.73M","1993","n/a","n/a","https://www.nasdaq.com/symbol/vfl",
"VMM","Delaware Investments Minnesota Municipal Income Fund II, Inc.","12.898","$148.39M","1993","n/a","n/a","https://www.nasdaq.com/symbol/vmm",
"DLA","Delta Apparel, Inc.","21.61","$149.87M","n/a","Consumer Non-Durables","Apparel","https://www.nasdaq.com/symbol/dla",
"DNN","Denison Mine Corp","0.5003","$294.76M","n/a","Basic Industries","Precious Metals","https://www.nasdaq.com/symbol/dnn",
"DGSE","DGSE Companies, Inc.","0.46","$12.39M","n/a","Consumer Services","Consumer Specialties","https://www.nasdaq.com/symbol/dgse",
"DSS","Document Security Systems, Inc.","1.03","$18.54M","n/a","Consumer Durables","Containers/Packaging","https://www.nasdaq.com/symbol/dss",
"DPW","DPW Holdings, Inc.","0.1645","$3.81M","n/a","Capital Goods","Industrial Machinery/Components","https://www.nasdaq.com/symbol/dpw",
"DMF","Dreyfus Municipal Income, Inc.","8.48","$175.93M","1988","n/a","n/a","https://www.nasdaq.com/symbol/dmf",
"DXF","Dunxin Financial Holdings Limited","2.5427","$53.02M","n/a","Finance","Finance: Consumer Services","https://www.nasdaq.com/symbol/dxf",
"GRF","Eagle Capital Growth Fund, Inc.","7.6","$29.58M","n/a","n/a","n/a","https://www.nasdaq.com/symbol/grf",
"EVM","Eaton Vance California Municipal Bond Fund","10.85","$232.13M","2002","n/a","n/a","https://www.nasdaq.com/symbol/evm",
"CEV","Eaton Vance California Municipal Income Trust","12.3153","$87.85M","1999","n/a","n/a","https://www.nasdaq.com/symbol/cev",
"EVV","Eaton Vance Limited Duration Income Fund","12.61","$1.46B","2003","n/a","n/a","https://www.nasdaq.com/symbol/evv",
"EIM","Eaton Vance Municipal Bond Fund","12.34","$841.2M","2002","n/a","n/a","https://www.nasdaq.com/symbol/eim",
"ENX","Eaton Vance New York Municipal Bond Fund","12.14","$190.13M","2002","n/a","n/a","https://www.nasdaq.com/symbol/enx",
"EVY","Eaton Vance New York Municipal Income Trust","13.07","$71.57M","1999","n/a","n/a","https://www.nasdaq.com/symbol/evy",
"ELMD","Electromed, Inc.","5.58","$46.92M","2011","Health Care","Biotechnology: Electromedical & Electrotherapeutic Apparatus","https://www.nasdaq.com/symbol/elmd",
"ELLO","Ellomay Capital Ltd.","8.63","$92.16M","n/a","Public Utilities","Electric Utilities: Central","https://www.nasdaq.com/symbol/ello",
"ECF","Ellsworth Growth and Income Fund Ltd.","9.63","$125.41M","1986","n/a","n/a","https://www.nasdaq.com/symbol/ecf",
"ECF^A","Ellsworth Growth and Income Fund Ltd.","25.03","n/a","n/a","n/a","n/a","https://www.nasdaq.com/symbol/ecf^a",
"EMAN","eMagin Corporation","0.55","$27.05M","n/a","Technology","Semiconductors","https://www.nasdaq.com/symbol/eman",
"MSN","Emerson Radio Corporation","1.19","$25.04M","n/a","Consumer Non-Durables","Consumer Electronics/Appliances","https://www.nasdaq.com/symbol/msn",
"EMX","EMX Royalty Corporation","1.24","$101.51M","n/a","Basic Industries","Precious Metals","https://www.nasdaq.com/symbol/emx",
"UUUU","Energy Fuels Inc","2.76","$257.02M","n/a","Basic Industries","Mining & Quarrying of Nonmetallic Minerals (No Fuels)","https://www.nasdaq.com/symbol/uuuu",
"UUUU.WS","Energy Fuels Inc","n/a","n/a","n/a","n/a","n/a","https://www.nasdaq.com/symbol/uuuu.ws",
"ENSV","ENSERVCO Corporation","0.54","$29.33M","n/a","Energy","Oilfield Services/Equipment","https://www.nasdaq.com/symbol/ensv",
"EGI","Entree Resources Ltd.","0.336","$58.76M","2017","Basic Industries","Precious Metals","https://www.nasdaq.com/symbol/egi",
"ESP","Espey Mfg. & Electronics Corp.","24.9246","$59.84M","n/a","Capital Goods","Industrial Machinery/Components","https://www.nasdaq.com/symbol/esp",
"EVBN","Evans Bancorp, Inc.","36.31","$177.32M","n/a","Finance","Major Banks","https://www.nasdaq.com/symbol/evbn",
"EVI","EVI Industries, Inc.","36.14","$424.15M","n/a","Consumer Services","Other Consumer Services","https://www.nasdaq.com/symbol/evi",
"EPM","Evolution Petroleum Corporation, Inc.","6.87","$227.99M","n/a","Energy","Oil & Gas Production","https://www.nasdaq.com/symbol/epm",
"FEN","First Trust Energy Income and Growth Fund","22.125","$442.15M","2004","n/a","n/a","https://www.nasdaq.com/symbol/fen",
"BDL","Flanigan&#39;s Enterprises, Inc.","24.34","$45.24M","n/a","Consumer Services","Restaurants","https://www.nasdaq.com/symbol/bdl",
"FSI","Flexible Solutions International Inc.","3.15","$36.97M","n/a","Basic Industries","Major Chemicals","https://www.nasdaq.com/symbol/fsi",
"FTF","Franklin Limited Duration Income Trust","9.66","$291.14M","2003","n/a","n/a","https://www.nasdaq.com/symbol/ftf",
"FSP","Franklin Street Properties Corp.","7.64","$819.25M","n/a","Consumer Services","Real Estate Investment Trusts","https://www.nasdaq.com/symbol/fsp",
"FRD","Friedman Industries Inc.","7.37","$51.66M","n/a","Capital Goods","Steel/Iron Ore","https://www.nasdaq.com/symbol/frd",
"FTNW","FTE Networks, Inc.","1.24","$30.48M","n/a","Public Utilities","Telecommunications Equipment","https://www.nasdaq.com/symbol/ftnw",
"GGN","GAMCO Global Gold, Natural Reources & Income Trust ","4.38","$596.65M","2005","n/a","n/a","https://www.nasdaq.com/symbol/ggn",
"GGN^B","GAMCO Global Gold, Natural Reources & Income Trust ","23.648","n/a","n/a","n/a","n/a","https://www.nasdaq.com/symbol/ggn^b",
"JOB","GEE Group Inc.","1.0499","$12.66M","n/a","Technology","Diversified Commercial Services","https://www.nasdaq.com/symbol/job",
"GMO","General Moly, Inc","0.3944","$47.45M","n/a","Basic Industries","Precious Metals","https://www.nasdaq.com/symbol/gmo",
"GSB","GlobalSCAPE, Inc.","8.5","$146.36M","n/a","Technology","Computer Software: Prepackaged Software","https://www.nasdaq.com/symbol/gsb",
"GSAT","Globalstar, Inc.","0.56","$812.06M","2006","Consumer Services","Telecommunications Equipment","https://www.nasdaq.com/symbol/gsat",
"GLOW","Glowpoint, Inc.","1.2","$6.11M","n/a","Public Utilities","Telecommunications Equipment","https://www.nasdaq.com/symbol/glow",
"GORO","Gold Resource Corporation","2.96","$184.74M","n/a","Basic Industries","Precious Metals","https://www.nasdaq.com/symbol/goro",
"GSV","Gold Standard Ventures Corporation","0.974","$253.18M","n/a","Basic Industries","Mining & Quarrying of Nonmetallic Minerals (No Fuels)","https://www.nasdaq.com/symbol/gsv",
"AUMN","Golden Minerals Company","0.2654","$25.58M","n/a","Basic Industries","Precious Metals","https://www.nasdaq.com/symbol/aumn",
"GSS","Golden Star Resources, Ltd","3.9","$424.58M","n/a","Basic Industries","Precious Metals","https://www.nasdaq.com/symbol/gss",
"GV","Goldfield Corporation (The)","2.42","$59.34M","n/a","Basic Industries","Water Supply","https://www.nasdaq.com/symbol/gv",
"GDP","Goodrich Petroleum Corporation","12.45","$151.3M","2017","Energy","Oil & Gas Production","https://www.nasdaq.com/symbol/gdp",
"GTE","Gran Tierra Energy Inc.","2.14","$837.47M","n/a","Energy","Oil & Gas Production","https://www.nasdaq.com/symbol/gte",
"GPL","Great Panther Mining Limited","0.719","$196.68M","n/a","Basic Industries","Precious Metals","https://www.nasdaq.com/symbol/gpl",
"SIM","Grupo Simec, S.A. de C.V.","9","$1.48B","1993","Basic Industries","Steel/Iron Ore","https://www.nasdaq.com/symbol/sim",
"HEB","Hemispherx BioPharma, Inc.","0.135","$11.69M","n/a","Health Care","Biotechnology: Biological Products (No Diagnostic Substances)","https://www.nasdaq.com/symbol/heb",
"HEXO","HEXO Corp.","6.92","$1.46B","n/a","Consumer Durables","Specialty Chemicals","https://www.nasdaq.com/symbol/hexo",
"HLM^","Hillman Group Capital Trust","34.15","n/a","n/a","n/a","n/a","https://www.nasdaq.com/symbol/hlm^",
"HMG","HMG/Courtland Properties, Inc.","13.23","$13.41M","n/a","Consumer Services","Real Estate Investment Trusts","https://www.nasdaq.com/symbol/hmg",
"HUSA","Houston American Energy Corporation","0.244","$15.26M","n/a","Energy","Oil & Gas Production","https://www.nasdaq.com/symbol/husa",
"IBIO","iBio, Inc.","0.8","$15.76M","n/a","Health Care","Major Pharmaceuticals","https://www.nasdaq.com/symbol/ibio",
"IBO","IBO (Listing Market - NYSE Amex Network B F)","24.84","n/a","n/a","n/a","n/a","https://www.nasdaq.com/symbol/ibo",
"IEC","IEC Electronics Corp.","6.63","$68.37M","n/a","Technology","Electrical Products","https://www.nasdaq.com/symbol/iec",
"IMH","Impac Mortgage Holdings, Inc.","3.26","$69.05M","1997","Consumer Services","Real Estate Investment Trusts","https://www.nasdaq.com/symbol/imh",
"IMO","Imperial Oil Limited","28.18","$21.95B","n/a","Energy","Integrated oil Companies","https://www.nasdaq.com/symbol/imo",
"IOR","Income Opportunity Realty Investors, Inc.","11.63","$48.48M","n/a","Consumer Services","Real Estate Investment Trusts","https://www.nasdaq.com/symbol/ior",
"IGC","India Globalization Capital Inc.","1.16","$45.92M","n/a","Consumer Non-Durables","Electronic Components","https://www.nasdaq.com/symbol/igc",
"INFU","InfuSystems Holdings, Inc.","4.95","$97.53M","n/a","Health Care","Medical/Dental Instruments","https://www.nasdaq.com/symbol/infu",
"IHT","InnSuites Hospitality Trust","1.54","$14.74M","n/a","Consumer Services","Real Estate Investment Trusts","https://www.nasdaq.com/symbol/iht",
"NSPR","InspireMD Inc.","3.35","$4.68M","n/a","Health Care","Medical/Dental Instruments","https://www.nasdaq.com/symbol/nspr",
"NSPR.WS","InspireMD Inc.","n/a","n/a","n/a","n/a","n/a","https://www.nasdaq.com/symbol/nspr.ws",
"NSPR.WS.B","InspireMD Inc.","n/a","n/a","n/a","n/a","n/a","https://www.nasdaq.com/symbol/nspr.ws.b",
"IDN","Intellicheck, Inc.","4.35","$68.48M","1999","Technology","Computer Software: Prepackaged Software","https://www.nasdaq.com/symbol/idn",
"INS","Intelligent Systems Corporation","42.37","$375.02M","1992","Technology","Computer Software: Prepackaged Software","https://www.nasdaq.com/symbol/ins",
"THM","International Tower Hill Mines Ltd","0.4588","$85.85M","n/a","Basic Industries","Precious Metals","https://www.nasdaq.com/symbol/thm",
"INTT","inTest Corporation","5.25","$55.49M","1997","Capital Goods","Electrical Products","https://www.nasdaq.com/symbol/intt",
"INUV","Inuvo, Inc","0.57","$18.56M","n/a","Consumer Services","Advertising","https://www.nasdaq.com/symbol/inuv",
"VKI","Invesco Advantage Municipal Income Trust II","10.71","$475.43M","n/a","n/a","n/a","https://www.nasdaq.com/symbol/vki",
"ISR","IsoRay, Inc.","0.4394","$29.59M","n/a","Health Care","Medical/Dental Instruments","https://www.nasdaq.com/symbol/isr",
"ISDR","Issuer Direct Corporation","11.6499","$44.91M","n/a","Miscellaneous","Publishing","https://www.nasdaq.com/symbol/isdr",
"ITP","IT Tech Packaging, Inc.","1","$22.02M","n/a","Consumer Durables","Containers/Packaging","https://www.nasdaq.com/symbol/itp",
"KIQ","Kelso Technologies Inc","1.56","$73.2M","n/a","Capital Goods","Railroads","https://www.nasdaq.com/symbol/kiq",
"LTS","Ladenburg Thalmann Financial Services Inc","3.54","$526.39M","n/a","Finance","Investment Bankers/Brokers/Service","https://www.nasdaq.com/symbol/lts",
"LTS^A","Ladenburg Thalmann Financial Services Inc","24.6","n/a","n/a","n/a","n/a","https://www.nasdaq.com/symbol/lts^a",
"LTSK","Ladenburg Thalmann Financial Services Inc","24.61","n/a","2018","Finance","Investment Bankers/Brokers/Service","https://www.nasdaq.com/symbol/ltsk",
"LTSL","Ladenburg Thalmann Financial Services Inc","23.6319","n/a","2017","Finance","Investment Bankers/Brokers/Service","https://www.nasdaq.com/symbol/ltsl",
"LTSF","Ladenburg Thalmann Financial Services Inc.","24.2495","n/a","2018","Finance","Investment Bankers/Brokers/Service","https://www.nasdaq.com/symbol/ltsf",
"LGL","LGL Group, Inc. (The)","9.1","$44.34M","n/a","Capital Goods","Industrial Machinery/Components","https://www.nasdaq.com/symbol/lgl",
"LBY","Libbey, Inc.","2.45","$54.58M","1993","Capital Goods","Industrial Machinery/Components","https://www.nasdaq.com/symbol/lby",
"LLEX","Lilis Energy, Inc.","0.9101","$83.46M","n/a","Energy","Oil & Gas Production","https://www.nasdaq.com/symbol/llex",
"MAG","MAG Silver Corporation","9.14","$781.83M","n/a","Basic Industries","Precious Metals","https://www.nasdaq.com/symbol/mag",
"MHH","Mastech Digital, Inc","5.15","$56.65M","n/a","Consumer Services","Professional Services","https://www.nasdaq.com/symbol/mhh",
"MTNB","Matinas Biopharma Holdings, Inc.","0.9965","$142.49M","2017","Health Care","Major Pharmaceuticals","https://www.nasdaq.com/symbol/mtnb",
"MNI","McClatchy Company (The)","2.18","$17.28M","1988","Consumer Services","Newspapers/Magazines","https://www.nasdaq.com/symbol/mni",
"IPB","Merrill Lynch & Co., Inc. 6.0518% Index Plus Trust Certificate","27.061","n/a","n/a","Finance","Finance: Consumer Services","https://www.nasdaq.com/symbol/ipb",
"MXC","Mexco Energy Corporation","4.07","$8.3M","n/a","Energy","Oil & Gas Production","https://www.nasdaq.com/symbol/mxc",
"CCA","MFS California Insured Municipal Trust","11.76","$32.77M","1999","n/a","n/a","https://www.nasdaq.com/symbol/cca",
"MICR","Micron Solutions, Inc.","2.55","$7.32M","n/a","Health Care","Biotechnology: Electromedical & Electrotherapeutic Apparatus","https://www.nasdaq.com/symbol/micr",
"MLSS","Milestone Scientific, Inc.","0.3419","$14.07M","2015","Health Care","Industrial Specialties","https://www.nasdaq.com/symbol/mlss",
"MYO","Myomo Inc.","0.97","$16.58M","2017","Health Care","Industrial Specialties","https://www.nasdaq.com/symbol/myo",
"NNVC","NanoViricides, Inc.","0.25","$19.18M","n/a","Health Care","Biotechnology: Commercial Physical & Biological Resarch","https://www.nasdaq.com/symbol/nnvc",
"ATEST","NASDAQ TEST STOCK","25","n/a","n/a","n/a","n/a","https://www.nasdaq.com/symbol/atest",
"ATEST.A","NASDAQ TEST STOCK","n/a","n/a","n/a","n/a","n/a","https://www.nasdaq.com/symbol/atest.a",
"ATEST.B","NASDAQ TEST STOCK","n/a","n/a","n/a","n/a","n/a","https://www.nasdaq.com/symbol/atest.b",
"ATEST.C","NASDAQ TEST STOCK","n/a","n/a","n/a","n/a","n/a","https://www.nasdaq.com/symbol/atest.c",
"NHC","National HealthCare Corporation","79.75","$1.22B","n/a","Health Care","Hospital/Nursing Management","https://www.nasdaq.com/symbol/nhc",
"NAVB","Navidea Biopharmaceuticals, Inc.","1.44","$14.48M","n/a","Health Care","Biotechnology: In Vitro & In Vivo Diagnostic Substances","https://www.nasdaq.com/symbol/navb",
"NTIP","Network-1 Technologies, Inc.","2.36","$56.1M","n/a","Miscellaneous","Multi-Sector Companies","https://www.nasdaq.com/symbol/ntip",
"NBW","Neuberger Berman California Municipal Fund Inc","13.34","$74.05M","2002","n/a","n/a","https://www.nasdaq.com/symbol/nbw",
"NHS","Neuberger Berman High Yield Strategies Fund","11.6501","$227.65M","n/a","n/a","n/a","https://www.nasdaq.com/symbol/nhs",
"NML","Neuberger Berman MLP Income Fund Inc.","7.78","$440.81M","2013","n/a","n/a","https://www.nasdaq.com/symbol/nml",
"NBH","Neuberger Berman Municipal Fund Inc.","14.42","$271.15M","2002","n/a","n/a","https://www.nasdaq.com/symbol/nbh",
"NBO","Neuberger Berman New York Municipal Fund Inc.","12.58","$63.87M","2002","n/a","n/a","https://www.nasdaq.com/symbol/nbo",
"NRO","Neuberger Berman Real Estate Securities Income Fund, Inc.","4.96","$235.2M","2003","n/a","n/a","https://www.nasdaq.com/symbol/nro",
"UWN","Nevada Gold & Casinos, Inc.","2.5","$44.41M","n/a","Consumer Services","Services-Misc. Amusement & Recreation","https://www.nasdaq.com/symbol/uwn",
"GBR","New Concept Energy, Inc","1.94","$9.96M","n/a","Energy","Oil & Gas Production","https://www.nasdaq.com/symbol/gbr",
"NEN","New England Realty Associates Limited Partnership","60.02","$220.74M","n/a","Consumer Services","Building operators","https://www.nasdaq.com/symbol/nen",
"NGD","New Gold Inc.","0.723","$418.7M","n/a","Basic Industries","Precious Metals","https://www.nasdaq.com/symbol/ngd",
"NXE","Nexgen Energy Ltd.","1.5","$528.14M","n/a","Basic Industries","Precious Metals","https://www.nasdaq.com/symbol/nxe",
"HLTH","Nobilis Health Corp.","0.113","$8.84M","2015","Health Care","Hospital/Nursing Management","https://www.nasdaq.com/symbol/hlth",
"NAK","Northern Dynasty Minerals, Ltd.","0.5519","$190.75M","n/a","Basic Industries","Precious Metals","https://www.nasdaq.com/symbol/nak",
"NOG","Northern Oil and Gas, Inc.","2.19","$837.01M","n/a","Energy","Oil & Gas Production","https://www.nasdaq.com/symbol/nog",
"NBY","NovaBay Pharmaceuticals, Inc.","0.3461","$6.57M","2007","Health Care","Major Pharmaceuticals","https://www.nasdaq.com/symbol/nby",
"NG","Novagold Resources Inc.","3.81","$1.24B","n/a","Basic Industries","Precious Metals","https://www.nasdaq.com/symbol/ng",
"NRCG","NRC Group Holdings Corp.","8.69","$330.66M","2017","Basic Industries","Environmental Services","https://www.nasdaq.com/symbol/nrcg",
"NRCG.WS","NRC Group Holdings Corp.","n/a","n/a","n/a","n/a","n/a","https://www.nasdaq.com/symbol/nrcg.ws",
"NTN","NTN Buzztime, Inc.","3.2541","$9.37M","n/a","Consumer Services","Broadcasting","https://www.nasdaq.com/symbol/ntn",
"NES","Nuverra Environmental Solutions, Inc.","5.37","$84.36M","2017","Energy","Oilfield Services/Equipment","https://www.nasdaq.com/symbol/nes",
"OCX","OncoCyte Corporation","5.16","$268.18M","2015","Health Care","Biotechnology: In Vitro & In Vivo Diagnostic Substances","https://www.nasdaq.com/symbol/ocx",
"OGEN","Oragenics Inc.","0.545","$25.14M","n/a","Health Care","Major Pharmaceuticals","https://www.nasdaq.com/symbol/ogen",
"PCG^A","Pacific Gas & Electric Co.","25.4","n/a","n/a","n/a","n/a","https://www.nasdaq.com/symbol/pcg^a",
"PCG^B","Pacific Gas & Electric Co.","23.5214","n/a","n/a","n/a","n/a","https://www.nasdaq.com/symbol/pcg^b",
"PCG^C","Pacific Gas & Electric Co.","21.6695","n/a","n/a","n/a","n/a","https://www.nasdaq.com/symbol/pcg^c",
"PCG^D","Pacific Gas & Electric Co.","22","n/a","n/a","n/a","n/a","https://www.nasdaq.com/symbol/pcg^d",
"PCG^E","Pacific Gas & Electric Co.","22.21","n/a","n/a","n/a","n/a","https://www.nasdaq.com/symbol/pcg^e",
"PCG^G","Pacific Gas & Electric Co.","20.49","n/a","n/a","n/a","n/a","https://www.nasdaq.com/symbol/pcg^g",
"PCG^H","Pacific Gas & Electric Co.","20.5769","n/a","n/a","n/a","n/a","https://www.nasdaq.com/symbol/pcg^h",
"PCG^I","Pacific Gas & Electric Co.","19.35","n/a","n/a","n/a","n/a","https://www.nasdaq.com/symbol/pcg^i",
"PTN","Palatin Technologies, Inc.","1.55","$314.75M","n/a","Health Care","Major Pharmaceuticals","https://www.nasdaq.com/symbol/ptn",
"PZG","Paramount Gold Nevada Corp.","0.7545","$20.01M","2015","Basic Industries","Precious Metals","https://www.nasdaq.com/symbol/pzg",
"PRK","Park National Corporation","98.26","$1.64B","n/a","Finance","Major Banks","https://www.nasdaq.com/symbol/prk",
"PED","Pedevco Corp.","2.04","$92.84M","n/a","Energy","Oil & Gas Production","https://www.nasdaq.com/symbol/ped",
"PFNX","Pfenex Inc.","7.15","$225.24M","2014","Health Care","Major Pharmaceuticals","https://www.nasdaq.com/symbol/pfnx",
"HNW","Pioneer Diversified High Income Trust","14.23","$118.58M","2007","n/a","n/a","https://www.nasdaq.com/symbol/hnw",
"PLAG","Planet Green Holdings Corp","4.22","$27.76M","n/a","Consumer Non-Durables","Packaged Foods","https://www.nasdaq.com/symbol/plag",
"PLG","Platinum Group Metals Ltd.","1.26","$42.51M","n/a","Basic Industries","Precious Metals","https://www.nasdaq.com/symbol/plg",
"PLYM","Plymouth Industrial REIT, Inc.","17.32","$91.39M","2017","Consumer Services","Real Estate Investment Trusts","https://www.nasdaq.com/symbol/plym",
"PLYM^A","Plymouth Industrial REIT, Inc.","25.59","n/a","n/a","n/a","n/a","https://www.nasdaq.com/symbol/plym^a",
"PLM","Polymet Mining Corp.","0.515","$165.91M","n/a","Basic Industries","Precious Metals","https://www.nasdaq.com/symbol/plm",
"PW","Power REIT","6.0599","$11.33M","n/a","Consumer Services","Real Estate Investment Trusts","https://www.nasdaq.com/symbol/pw",
"PW^A","Power REIT","26.5","n/a","n/a","n/a","n/a","https://www.nasdaq.com/symbol/pw^a",
"PLX","Protalix BioTherapeutics, Inc.","0.396","$58.76M","n/a","Health Care","Biotechnology: Biological Products (No Diagnostic Substances)","https://www.nasdaq.com/symbol/plx",
"RLGT","Radiant Logistics, Inc.","7.02","$348M","n/a","Transportation","Oil Refining/Marketing","https://www.nasdaq.com/symbol/rlgt",
"RFL","Rafael Holdings, Inc.","15.39","$214.31M","2018","Finance","Real Estate","https://www.nasdaq.com/symbol/rfl",
"UTG","Reaves Utility Income Fund","34.52","$1.68B","2004","n/a","n/a","https://www.nasdaq.com/symbol/utg",
"RHE","Regional Health Properties, Inc.","2.45","$4.14M","2017","Health Care","Hospital/Nursing Management","https://www.nasdaq.com/symbol/rhe",
"RHE^A","Regional Health Properties, Inc.","4.17","n/a","n/a","n/a","n/a","https://www.nasdaq.com/symbol/rhe^a",
"RCG","RENN Fund, Inc.","1.57","$7.01M","n/a","n/a","n/a","https://www.nasdaq.com/symbol/rcg",
"RVP","Retractable Technologies, Inc.","0.6594","$21.55M","n/a","Health Care","Medical/Dental Instruments","https://www.nasdaq.com/symbol/rvp",
"RNN","Rexahn Pharmaceuticals, Inc.","4.92","$19.77M","n/a","Health Care","Major Pharmaceuticals","https://www.nasdaq.com/symbol/rnn",
"REI","Ring Energy, Inc.","4.39","$297.69M","n/a","Energy","Oil & Gas Production","https://www.nasdaq.com/symbol/rei",
"RIF","RMR Real Estate Income Fund","18.46","$188.33M","n/a","n/a","n/a","https://www.nasdaq.com/symbol/rif",
"SACH","Sachem Capital Corp.","4.78","$90.37M","2017","Consumer Services","Real Estate Investment Trusts","https://www.nasdaq.com/symbol/sach",
"SNMP","Sanchez Midstream Partners LP","2.83","$51.79M","n/a","Energy","Oil & Gas Production","https://www.nasdaq.com/symbol/snmp",
"SAND          ","Sandstorm Gold Ltd","5.13","$928.83M","n/a","Basic Industries","Precious Metals","https://www.nasdaq.com/symbol/sand",
"SEB","Seaboard Corporation","4449.25","$5.19B","1996","Finance","Investment Bankers/Brokers/Service","https://www.nasdaq.com/symbol/seb",
"SENS","Senseonics Holdings, Inc.","2.1","$371.72M","n/a","Capital Goods","Industrial Machinery/Components","https://www.nasdaq.com/symbol/sens",
"SVT","Servotronics, Inc.","11.3848","$29.38M","n/a","Capital Goods","Industrial Machinery/Components","https://www.nasdaq.com/symbol/svt",
"SMTS","Sierra Metals Inc.","1.3011","$212.4M","n/a","Basic Industries","Precious Metals","https://www.nasdaq.com/symbol/smts",
"SIF","SIFCO Industries, Inc.","3.1244","$18.04M","n/a","Capital Goods","Aerospace","https://www.nasdaq.com/symbol/sif",
"SVM","Silvercorp Metals Inc.","2.16","$366.51M","n/a","Basic Industries","Precious Metals","https://www.nasdaq.com/symbol/svm",
"SILV","SilverCrest Metals Inc.","3.43","$294.12M","2018","Basic Industries","Precious Metals","https://www.nasdaq.com/symbol/silv",
"XPL","Solitario Zinc Corp.","0.3501","$20.37M","n/a","Basic Industries","Precious Metals","https://www.nasdaq.com/symbol/xpl",
"SCE^B","Southern California Edison Company","19.3627","n/a","n/a","n/a","n/a","https://www.nasdaq.com/symbol/sce^b",
"SCE^C","Southern California Edison Company","19.3161","n/a","n/a","n/a","n/a","https://www.nasdaq.com/symbol/sce^c",
"SCE^D","Southern California Edison Company","20.65","n/a","n/a","n/a","n/a","https://www.nasdaq.com/symbol/sce^d",
"SCE^E","Southern California Edison Company","21.9","n/a","n/a","n/a","n/a","https://www.nasdaq.com/symbol/sce^e",
"SGB","Southwest Georgia Financial Corporation","20.45","$52.06M","n/a","Finance","Major Banks","https://www.nasdaq.com/symbol/sgb",
"LOV","Spark Networks, Inc.","13.4041","$174.09M","2017","Consumer Services","Other Consumer Services","https://www.nasdaq.com/symbol/lov",
"SRCI","SRC Energy Inc.","5.27","$1.28B","n/a","Energy","Oil & Gas Production","https://www.nasdaq.com/symbol/srci",
"SDI","Standard Diversified Inc.","22","$369.92M","n/a","Consumer Non-Durables","Tobacco","https://www.nasdaq.com/symbol/sdi",
"SSY","SunLink Health Systems, Inc.","1.4469","$10.11M","n/a","Health Care","Hospital/Nursing Management","https://www.nasdaq.com/symbol/ssy",
"SDPI","Superior Drilling Products, Inc.","0.99","$24.78M","2014","Energy","Metal Fabrications","https://www.nasdaq.com/symbol/sdpi",
"SYN","Synthetic Biologics, Inc","0.565","$9.31M","n/a","Health Care","Major Pharmaceuticals","https://www.nasdaq.com/symbol/syn",
"TKAT","Takung Art Co., Ltd.","0.7152","$8.05M","n/a","Consumer Services","Other Specialty Stores","https://www.nasdaq.com/symbol/tkat",
"TALO.WS","Talos Energy, Inc.","n/a","n/a","n/a","n/a","n/a","https://www.nasdaq.com/symbol/talo.ws",
"TRX","Tanzanian Gold Corporation","0.7025","$96.95M","n/a","Basic Industries","Precious Metals","https://www.nasdaq.com/symbol/trx",
"TGB","Taseko Mines Limited","0.5597","$137.66M","n/a","Basic Industries","Precious Metals","https://www.nasdaq.com/symbol/tgb",
"TGC","Tengasco, Inc.","0.984","$10.48M","n/a","Energy","Oil & Gas Production","https://www.nasdaq.com/symbol/tgc",
"GLU","The Gabelli Global Utility and Income Trust","17.87","$95.95M","2004","n/a","n/a","https://www.nasdaq.com/symbol/glu",
"GLU^A","The Gabelli Global Utility and Income Trust","46.03","n/a","n/a","n/a","n/a","https://www.nasdaq.com/symbol/glu^a",
"GLU^B","The Gabelli Global Utility and Income Trust","52.5","n/a","n/a","n/a","n/a","https://www.nasdaq.com/symbol/glu^b",
"GGO","The Gabelli Go Anywhere Trust","15.6001","$25.16M","2016","n/a","n/a","https://www.nasdaq.com/symbol/ggo",
"GGO^A","The Gabelli Go Anywhere Trust","41.0306","n/a","n/a","n/a","n/a","https://www.nasdaq.com/symbol/ggo^a",
"TDW.WS","Tidewater Inc.","n/a","n/a","n/a","n/a","n/a","https://www.nasdaq.com/symbol/tdw.ws",
"TMP","Tompkins Financial Corporation","78.81","$1.21B","n/a","Finance","Major Banks","https://www.nasdaq.com/symbol/tmp",
"TAT","Transatlantic Petroleum Ltd","0.9","$47.25M","n/a","Energy","Oil & Gas Production","https://www.nasdaq.com/symbol/tat",
"TRXC","TransEnterix, Inc.","1.29","$280.37M","n/a","Health Care","Medical/Dental Instruments","https://www.nasdaq.com/symbol/trxc",
"TMQ","Trilogy Metals Inc.","2.55","$336.75M","n/a","Basic Industries","Precious Metals","https://www.nasdaq.com/symbol/tmq",
"TPHS","Trinity Place Holdings Inc.","3.99","$127.28M","n/a","Consumer Services","Building operators","https://www.nasdaq.com/symbol/tphs",
"TRT","Trio-Tech International","3.07","$11.28M","n/a","Technology","Industrial Machinery/Components","https://www.nasdaq.com/symbol/trt",
"UFAB","Unique Fabricating, Inc.","3.06","$29.92M","2015","Capital Goods","Auto Parts:O.E.M.","https://www.nasdaq.com/symbol/ufab",
"UAMY","United States Antimony Corporation","0.549","$37.57M","n/a","Capital Goods","Metal Fabrications","https://www.nasdaq.com/symbol/uamy",
"UUU","Universal Security Instruments, Inc.","1.213","$2.81M","n/a","Consumer Non-Durables","Electronic Components","https://www.nasdaq.com/symbol/uuu",
"UQM","UQM Technologies Inc.","1.67","$94.47M","n/a","Capital Goods","Industrial Machinery/Components","https://www.nasdaq.com/symbol/uqm",
"URG","Ur Energy Inc","0.8179","$130.64M","n/a","Basic Industries","Precious Metals","https://www.nasdaq.com/symbol/urg",
"UEC","Uranium Energy Corp.","1.36","$245.53M","n/a","Basic Industries","Precious Metals","https://www.nasdaq.com/symbol/uec",
"VHC","VirnetX Holding Corp","6.28","$427.69M","n/a","Miscellaneous","Multi-Sector Companies","https://www.nasdaq.com/symbol/vhc",
"VGZ","Vista Gold Corporation","0.56","$56.08M","n/a","Basic Industries","Precious Metals","https://www.nasdaq.com/symbol/vgz",
"VNRX","VolitionRX Limited","3.28","$129.5M","2015","Health Care","Biotechnology: In Vitro & In Vivo Diagnostic Substances","https://www.nasdaq.com/symbol/vnrx",
"VISI","Volt Information Sciences, Inc.","4.15","$87.94M","n/a","Technology","Professional Services","https://www.nasdaq.com/symbol/visi",
"EAD","Wells Fargo Income Opportunities Fund","7.94","$534.82M","2003","n/a","n/a","https://www.nasdaq.com/symbol/ead",
"ERC","Wells Fargo Multi-Sector Income Fund","12.21","$384.02M","2003","n/a","n/a","https://www.nasdaq.com/symbol/erc",
"ERH","Wells Fargo Utilities and High Income Fund","12.8502","$118.95M","2004","n/a","n/a","https://www.nasdaq.com/symbol/erh",
"WRN","Western Copper and Gold Corporation","0.4861","$48.99M","2011","Basic Industries","Precious Metals","https://www.nasdaq.com/symbol/wrn",
"WYY","WidePoint Corporation","0.538","$45.38M","n/a","Technology","EDP Services","https://www.nasdaq.com/symbol/wyy",
"WTT","Wireless Telecom Group,  Inc.","1.55","$33.02M","n/a","Capital Goods","Electrical Products","https://www.nasdaq.com/symbol/wtt",
"XTNT","Xtant Medical Holdings, Inc.","3.03","$39.88M","n/a","Health Care","Biotechnology: Biological Products (No Diagnostic Substances)","https://www.nasdaq.com/symbol/xtnt",
"YUMA","Yuma Energy, Inc.","0.254","$5.88M","n/a","Energy","Oil & Gas Production","https://www.nasdaq.com/symbol/yuma",
"ZDGE","Zedge, Inc.","2.24","$23.18M","2016","Technology","Computer Software: Prepackaged Software","https://www.nasdaq.com/symbol/zdge",
"ZOM","Zomedica Pharmaceuticals Corp.","0.27","$29.17M","2017","Health Care","Major Pharmaceuticals","https://www.nasdaq.com/symbol/zom",
